scenario,scenario_label,horizon,design,metric,dose,is_kstar,mean,se,lo,hi
Paper's main scenario,"Paper's main scenario (k*=3, MTD=4)",100,3 + 3,Recommended,1,False,4.424,0.5732760939057582,3.350975,5.589
Paper's main scenario,"Paper's main scenario (k*=3, MTD=4)",100,3 + 3,Recommended,2,False,21.053,1.2347594666571702,18.644925,23.467624999999998
Paper's main scenario,"Paper's main scenario (k*=3, MTD=4)",100,3 + 3,Recommended,3,True,28.185,1.2794275980698169,25.611974999999997,30.74745
Paper's main scenario,"Paper's main scenario (k*=3, MTD=4)",100,3 + 3,Recommended,4,False,36.325,1.439550772304347,33.463825,38.9933
Paper's main scenario,"Paper's main scenario (k*=3, MTD=4)",100,3 + 3,Recommended,5,False,9.889,0.8998213972577906,8.167925,11.585275000000001
Paper's main scenario,"Paper's main scenario (k*=3, MTD=4)",100,3 + 3,Recommended,6,False,0.124,0.012969414663612107,0.1,0.15
Paper's main scenario,"Paper's main scenario (k*=3, MTD=4)",100,3 + 3,Allocated,1,False,4.424,0.5680017735982962,3.35495,5.68605
Paper's main scenario,"Paper's main scenario (k*=3, MTD=4)",100,3 + 3,Allocated,2,False,21.053,1.215106073084917,18.738975,23.4572
Paper's main scenario,"Paper's main scenario (k*=3, MTD=4)",100,3 + 3,Allocated,3,True,28.185,1.4055275536623617,25.412925,30.977375
Paper's main scenario,"Paper's main scenario (k*=3, MTD=4)",100,3 + 3,Allocated,4,False,36.325,1.4619154169274808,33.564425,39.192175
Paper's main scenario,"Paper's main scenario (k*=3, MTD=4)",100,3 + 3,Allocated,5,False,9.889,0.8809636058832914,8.120650000000001,11.601025000000002
Paper's main scenario,"Paper's main scenario (k*=3, MTD=4)",100,3 + 3,Allocated,6,False,0.124,0.012618818708008517,0.1,0.148
Paper's main scenario,"Paper's main scenario (k*=3, MTD=4)",100,CRM,Recommended,1,False,0.005,0.00221039857533927,0.001,0.01
Paper's main scenario,"Paper's main scenario (k*=3, MTD=4)",100,CRM,Recommended,2,False,0.109,0.012227030517475403,0.086,0.133
Paper's main scenario,"Paper's main scenario (k*=3, MTD=4)",100,CRM,Recommended,3,True,1.927,0.049075832150879524,1.83,2.022
Paper's main scenario,"Paper's main scenario (k*=3, MTD=4)",100,CRM,Recommended,4,False,25.922,0.8960134180001081,24.076500000000003,27.704075
Paper's main scenario,"Paper's main scenario (k*=3, MTD=4)",100,CRM,Recommended,5,False,71.901,0.9138651056947119,70.071675,73.765075
Paper's main scenario,"Paper's main scenario (k*=3, MTD=4)",100,CRM,Recommended,6,False,0.136,0.027751719459034083,0.088,0.19502499999999998
Paper's main scenario,"Paper's main scenario (k*=3, MTD=4)",100,CRM,Allocated,1,False,0.005,0.0022606163731129516,0.001,0.01
Paper's main scenario,"Paper's main scenario (k*=3, MTD=4)",100,CRM,Allocated,2,False,0.109,0.012614862891278918,0.085,0.134
Paper's main scenario,"Paper's main scenario (k*=3, MTD=4)",100,CRM,Allocated,3,True,1.927,0.052079293810917256,1.829,2.0340249999999997
Paper's main scenario,"Paper's main scenario (k*=3, MTD=4)",100,CRM,Allocated,4,False,25.922,0.8604654962717992,24.16735,27.50925
Paper's main scenario,"Paper's main scenario (k*=3, MTD=4)",100,CRM,Allocated,5,False,71.901,0.8823297967348755,70.24584999999999,73.682125
Paper's main scenario,"Paper's main scenario (k*=3, MTD=4)",100,CRM,Allocated,6,False,0.136,0.027682055563129637,0.086975,0.193
Paper's main scenario,"Paper's main scenario (k*=3, MTD=4)",100,UCB,Recommended,1,False,1.031,0.012158621965012642,1.01,1.056
Paper's main scenario,"Paper's main scenario (k*=3, MTD=4)",100,UCB,Recommended,2,False,2.209,0.13821422955778548,1.9569750000000001,2.479175
Paper's main scenario,"Paper's main scenario (k*=3, MTD=4)",100,UCB,Recommended,3,True,42.365,1.0225995985809977,40.32195,44.44005
Paper's main scenario,"Paper's main scenario (k*=3, MTD=4)",100,UCB,Recommended,4,False,45.372,1.0226905298744555,43.290825,47.393075
Paper's main scenario,"Paper's main scenario (k*=3, MTD=4)",100,UCB,Recommended,5,False,6.832,0.4034310950130434,6.035,7.623025
Paper's main scenario,"Paper's main scenario (k*=3, MTD=4)",100,UCB,Recommended,6,False,2.191,0.10377617679829439,1.9789,2.395025
Paper's main scenario,"Paper's main scenario (k*=3, MTD=4)",100,UCB,Allocated,1,False,8.883,0.02458058219450918,8.833,8.931025
Paper's main scenario,"Paper's main scenario (k*=3, MTD=4)",100,UCB,Allocated,2,False,12.688,0.047053500272433414,12.593,12.778
Paper's main scenario,"Paper's main scenario (k*=3, MTD=4)",100,UCB,Allocated,3,True,19.557,0.07227787574577926,19.418975,19.693
Paper's main scenario,"Paper's main scenario (k*=3, MTD=4)",100,UCB,Allocated,4,False,19.593,0.07226759459971827,19.452,19.732025
Paper's main scenario,"Paper's main scenario (k*=3, MTD=4)",100,UCB,Allocated,5,False,19.647,0.07304397703836765,19.501974999999998,19.784
Paper's main scenario,"Paper's main scenario (k*=3, MTD=4)",100,UCB,Allocated,6,False,19.632,0.07329842237540127,19.488975,19.781025
Paper's main scenario,"Paper's main scenario (k*=3, MTD=4)",100,SEEDA,Recommended,1,False,1.595,0.04297503755499061,1.51,1.676
Paper's main scenario,"Paper's main scenario (k*=3, MTD=4)",100,SEEDA,Recommended,2,False,2.895,0.1013552674963135,2.690925,3.093075
Paper's main scenario,"Paper's main scenario (k*=3, MTD=4)",100,SEEDA,Recommended,3,True,47.951,1.0639742445929585,45.870975,50.111374999999995
Paper's main scenario,"Paper's main scenario (k*=3, MTD=4)",100,SEEDA,Recommended,4,False,47.559,1.0514639756054391,45.469325,49.652425
Paper's main scenario,"Paper's main scenario (k*=3, MTD=4)",100,SEEDA,Recommended,5,False,0.0,0.0,0.0,0.0
Paper's main scenario,"Paper's main scenario (k*=3, MTD=4)",100,SEEDA,Recommended,6,False,0.0,0.0,0.0,0.0
Paper's main scenario,"Paper's main scenario (k*=3, MTD=4)",100,SEEDA,Allocated,1,False,4.222,0.03332758507493346,4.159,4.288
Paper's main scenario,"Paper's main scenario (k*=3, MTD=4)",100,SEEDA,Allocated,2,False,9.522,0.10642452327896595,9.315800000000001,9.726
Paper's main scenario,"Paper's main scenario (k*=3, MTD=4)",100,SEEDA,Allocated,3,True,42.736,0.40318828998518946,41.923975,43.52610000000001
Paper's main scenario,"Paper's main scenario (k*=3, MTD=4)",100,SEEDA,Allocated,4,False,41.52,0.407601698602574,40.737675,42.333475
Paper's main scenario,"Paper's main scenario (k*=3, MTD=4)",100,SEEDA,Allocated,5,False,1.0,0.0,1.0,1.0
Paper's main scenario,"Paper's main scenario (k*=3, MTD=4)",100,SEEDA,Allocated,6,False,1.0,0.0,1.0,1.0
Paper's main scenario,"Paper's main scenario (k*=3, MTD=4)",100,SEEDA Plateau,Recommended,1,False,1.73,0.06972128786806779,1.600975,1.875025
Paper's main scenario,"Paper's main scenario (k*=3, MTD=4)",100,SEEDA Plateau,Recommended,2,False,1.967,0.0927428960123672,1.793,2.15305
Paper's main scenario,"Paper's main scenario (k*=3, MTD=4)",100,SEEDA Plateau,Recommended,3,True,90.516,0.38550299287621165,89.75947500000001,91.2741
Paper's main scenario,"Paper's main scenario (k*=3, MTD=4)",100,SEEDA Plateau,Recommended,4,False,5.787,0.365398936854028,5.09675,6.4990749999999995
Paper's main scenario,"Paper's main scenario (k*=3, MTD=4)",100,SEEDA Plateau,Recommended,5,False,0.0,0.0,0.0,0.0
Paper's main scenario,"Paper's main scenario (k*=3, MTD=4)",100,SEEDA Plateau,Recommended,6,False,0.0,0.0,0.0,0.0
Paper's main scenario,"Paper's main scenario (k*=3, MTD=4)",100,SEEDA Plateau,Allocated,1,False,2.217,0.04929260549978016,2.117975,2.313025
Paper's main scenario,"Paper's main scenario (k*=3, MTD=4)",100,SEEDA Plateau,Allocated,2,False,5.259,0.13859235265776823,5.002925,5.540075
Paper's main scenario,"Paper's main scenario (k*=3, MTD=4)",100,SEEDA Plateau,Allocated,3,True,22.349,0.6394421143846001,21.062375,23.6311
Paper's main scenario,"Paper's main scenario (k*=3, MTD=4)",100,SEEDA Plateau,Allocated,4,False,68.175,0.773446928272946,66.62984999999999,69.7485
Paper's main scenario,"Paper's main scenario (k*=3, MTD=4)",100,SEEDA Plateau,Allocated,5,False,1.0,0.0,1.0,1.0
Paper's main scenario,"Paper's main scenario (k*=3, MTD=4)",100,SEEDA Plateau,Allocated,6,False,1.0,0.0,1.0,1.0
Paper's main scenario,"Paper's main scenario (k*=3, MTD=4)",100,SEEDA Plateau (ours),Recommended,1,False,9.214,0.2861114041620707,8.661975,9.742
Paper's main scenario,"Paper's main scenario (k*=3, MTD=4)",100,SEEDA Plateau (ours),Recommended,2,False,21.369,0.6711273883007064,20.098925,22.727050000000002
Paper's main scenario,"Paper's main scenario (k*=3, MTD=4)",100,SEEDA Plateau (ours),Recommended,3,True,58.387,0.8310568662847326,56.8578,60.04335
Paper's main scenario,"Paper's main scenario (k*=3, MTD=4)",100,SEEDA Plateau (ours),Recommended,4,False,10.94,0.6423129432395496,9.672725,12.2433
Paper's main scenario,"Paper's main scenario (k*=3, MTD=4)",100,SEEDA Plateau (ours),Recommended,5,False,0.09,0.023558892958656555,0.046,0.139
Paper's main scenario,"Paper's main scenario (k*=3, MTD=4)",100,SEEDA Plateau (ours),Recommended,6,False,0.0,0.0,0.0,0.0
Paper's main scenario,"Paper's main scenario (k*=3, MTD=4)",100,SEEDA Plateau (ours),Allocated,1,False,2.738,0.05051396872188951,2.63895,2.832
Paper's main scenario,"Paper's main scenario (k*=3, MTD=4)",100,SEEDA Plateau (ours),Allocated,2,False,8.908,0.14381327140438754,8.64695,9.1921
Paper's main scenario,"Paper's main scenario (k*=3, MTD=4)",100,SEEDA Plateau (ours),Allocated,3,True,43.658,0.40290416799108075,42.85685,44.45705
Paper's main scenario,"Paper's main scenario (k*=3, MTD=4)",100,SEEDA Plateau (ours),Allocated,4,False,42.338,0.45065541730811265,41.476949999999995,43.238275
Paper's main scenario,"Paper's main scenario (k*=3, MTD=4)",100,SEEDA Plateau (ours),Allocated,5,False,1.358,0.05630512821638412,1.254,1.475025
Paper's main scenario,"Paper's main scenario (k*=3, MTD=4)",100,SEEDA Plateau (ours),Allocated,6,False,1.0,0.0,1.0,1.0
Paper's main scenario,"Paper's main scenario (k*=3, MTD=4)",100,SEEDA Plateau (fixed),Recommended,1,False,66.519,0.9615333161930213,64.64965000000001,68.492075
Paper's main scenario,"Paper's main scenario (k*=3, MTD=4)",100,SEEDA Plateau (fixed),Recommended,2,False,1.564,0.1404348359280637,1.316975,1.8533499999999996
Paper's main scenario,"Paper's main scenario (k*=3, MTD=4)",100,SEEDA Plateau (fixed),Recommended,3,True,25.884,0.9053236005433083,24.176825,27.695025
Paper's main scenario,"Paper's main scenario (k*=3, MTD=4)",100,SEEDA Plateau (fixed),Recommended,4,False,6.033,0.3655704659358636,5.329975,6.81635
Paper's main scenario,"Paper's main scenario (k*=3, MTD=4)",100,SEEDA Plateau (fixed),Recommended,5,False,0.0,0.0,0.0,0.0
Paper's main scenario,"Paper's main scenario (k*=3, MTD=4)",100,SEEDA Plateau (fixed),Recommended,6,False,0.0,0.0,0.0,0.0
Paper's main scenario,"Paper's main scenario (k*=3, MTD=4)",100,SEEDA Plateau (fixed),Allocated,1,False,1.451,0.028138032142508713,1.4,1.512
Paper's main scenario,"Paper's main scenario (k*=3, MTD=4)",100,SEEDA Plateau (fixed),Allocated,2,False,8.244,0.1375717890999319,7.978925,8.519
Paper's main scenario,"Paper's main scenario (k*=3, MTD=4)",100,SEEDA Plateau (fixed),Allocated,3,True,44.344,0.37173144599824176,43.619699999999995,45.015025
Paper's main scenario,"Paper's main scenario (k*=3, MTD=4)",100,SEEDA Plateau (fixed),Allocated,4,False,43.961,0.4283302210412631,43.168724999999995,44.84
Paper's main scenario,"Paper's main scenario (k*=3, MTD=4)",100,SEEDA Plateau (fixed),Allocated,5,False,1.0,0.0,1.0,1.0
Paper's main scenario,"Paper's main scenario (k*=3, MTD=4)",100,SEEDA Plateau (fixed),Allocated,6,False,1.0,0.0,1.0,1.0
Paper's main scenario,"Paper's main scenario (k*=3, MTD=4)",300,3 + 3,Recommended,1,False,4.1063333333334056,0.5834488876496332,2.9183166666666773,5.198683333333336
Paper's main scenario,"Paper's main scenario (k*=3, MTD=4)",300,3 + 3,Recommended,2,False,23.495333333333264,1.2557009067629814,21.028941666666604,25.8674749999998
Paper's main scenario,"Paper's main scenario (k*=3, MTD=4)",300,3 + 3,Recommended,3,True,26.19833333333328,1.3592957441109588,23.445658333333288,28.855449999999983
Paper's main scenario,"Paper's main scenario (k*=3, MTD=4)",300,3 + 3,Recommended,4,False,35.412333333333244,1.4543515880426412,32.56589166666656,38.35571666666666
Paper's main scenario,"Paper's main scenario (k*=3, MTD=4)",300,3 + 3,Recommended,5,False,10.739666666666679,0.9444783479989092,8.87995833333332,12.597666666666685
Paper's main scenario,"Paper's main scenario (k*=3, MTD=4)",300,3 + 3,Recommended,6,False,0.048,0.004801704365040993,0.03866666666666667,0.05800000000000006
Paper's main scenario,"Paper's main scenario (k*=3, MTD=4)",300,3 + 3,Allocated,1,False,4.1063333333334056,0.5910070348888902,3.1136666666666994,5.293024999999937
Paper's main scenario,"Paper's main scenario (k*=3, MTD=4)",300,3 + 3,Allocated,2,False,23.495333333333264,1.3529130587355476,21.021058333333247,26.265641666666443
Paper's main scenario,"Paper's main scenario (k*=3, MTD=4)",300,3 + 3,Allocated,3,True,26.19833333333328,1.3834327401657636,23.540733333333307,28.864774999999934
Paper's main scenario,"Paper's main scenario (k*=3, MTD=4)",300,3 + 3,Allocated,4,False,35.412333333333244,1.4609889448501563,32.65865833333319,38.34834999999993
Paper's main scenario,"Paper's main scenario (k*=3, MTD=4)",300,3 + 3,Allocated,5,False,10.739666666666679,0.9698719460747404,8.978858333333331,12.613866666666691
Paper's main scenario,"Paper's main scenario (k*=3, MTD=4)",300,3 + 3,Allocated,6,False,0.048,0.0050050978794185935,0.03833333333333333,0.05800833333333339
Paper's main scenario,"Paper's main scenario (k*=3, MTD=4)",300,CRM,Recommended,1,False,0.0036666666666666675,0.0011670014772927945,0.001666666666666667,0.006000000000000001
Paper's main scenario,"Paper's main scenario (k*=3, MTD=4)",300,CRM,Recommended,2,False,0.043,0.004725969354735335,0.03399999999999998,0.05233333333333338
Paper's main scenario,"Paper's main scenario (k*=3, MTD=4)",300,CRM,Recommended,3,True,0.6026666666666669,0.0156524276619938,0.5726583333333328,0.6346749999999999
Paper's main scenario,"Paper's main scenario (k*=3, MTD=4)",300,CRM,Recommended,4,False,14.388999999999996,0.6584751190546,13.205166666666672,15.695391666666678
Paper's main scenario,"Paper's main scenario (k*=3, MTD=4)",300,CRM,Recommended,5,False,84.90300000000013,0.662159131430742,83.56488333333327,86.10812500000003
Paper's main scenario,"Paper's main scenario (k*=3, MTD=4)",300,CRM,Recommended,6,False,0.05866666666666668,0.01043089880461384,0.03965833333333333,0.079675
Paper's main scenario,"Paper's main scenario (k*=3, MTD=4)",300,CRM,Allocated,1,False,0.0036666666666666675,0.001212619249989644,0.0013333333333333335,0.006333333333333333
Paper's main scenario,"Paper's main scenario (k*=3, MTD=4)",300,CRM,Allocated,2,False,0.043,0.004648083393700089,0.03433333333333331,0.05200833333333338
Paper's main scenario,"Paper's main scenario (k*=3, MTD=4)",300,CRM,Allocated,3,True,0.6026666666666669,0.015830298955853955,0.5716583333333328,0.6350083333333335
Paper's main scenario,"Paper's main scenario (k*=3, MTD=4)",300,CRM,Allocated,4,False,14.388999999999996,0.641303108105174,13.17679166666667,15.757075000000011
Paper's main scenario,"Paper's main scenario (k*=3, MTD=4)",300,CRM,Allocated,5,False,84.90300000000013,0.6440153902234217,83.52693333333328,86.1296916666666
Paper's main scenario,"Paper's main scenario (k*=3, MTD=4)",300,CRM,Allocated,6,False,0.05866666666666668,0.010851677956428007,0.03999166666666667,0.08367499999999997
Paper's main scenario,"Paper's main scenario (k*=3, MTD=4)",300,UCB,Recommended,1,False,0.3373333333333315,0.0024871815742510245,0.3336666666666652,0.34300833333333164
Paper's main scenario,"Paper's main scenario (k*=3, MTD=4)",300,UCB,Recommended,2,False,0.701333333333337,0.0501050130681249,0.6126333333333321,0.8104166666666727
Paper's main scenario,"Paper's main scenario (k*=3, MTD=4)",300,UCB,Recommended,3,True,47.17000000000008,1.1530191293921803,44.84745000000003,49.382125
Paper's main scenario,"Paper's main scenario (k*=3, MTD=4)",300,UCB,Recommended,4,False,48.37400000000001,1.1525247740133868,46.16589166666673,50.6796083333334
Paper's main scenario,"Paper's main scenario (k*=3, MTD=4)",300,UCB,Recommended,5,False,2.6483333333333343,0.16384238812832697,2.353649999999991,2.988716666666677
Paper's main scenario,"Paper's main scenario (k*=3, MTD=4)",300,UCB,Recommended,6,False,0.7690000000000051,0.03532175850444217,0.7026583333333366,0.8393500000000085
Paper's main scenario,"Paper's main scenario (k*=3, MTD=4)",300,UCB,Allocated,1,False,6.370666666666661,0.015133347944119219,6.341324999999998,6.399666666666651
Paper's main scenario,"Paper's main scenario (k*=3, MTD=4)",300,UCB,Allocated,2,False,10.530666666666678,0.03650322756141134,10.460666666666672,10.604333333333326
Paper's main scenario,"Paper's main scenario (k*=3, MTD=4)",300,UCB,Allocated,3,True,20.793666666666667,0.06665511032304003,20.65932499999998,20.92534166666667
Paper's main scenario,"Paper's main scenario (k*=3, MTD=4)",300,UCB,Allocated,4,False,20.687333333333317,0.06420699526026283,20.55931666666668,20.81102499999999
Paper's main scenario,"Paper's main scenario (k*=3, MTD=4)",300,UCB,Allocated,5,False,20.71199999999999,0.06567528680195299,20.582991666666658,20.84271666666666
Paper's main scenario,"Paper's main scenario (k*=3, MTD=4)",300,UCB,Allocated,6,False,20.90566666666666,0.06820817796428781,20.780333333333363,21.044691666666658
Paper's main scenario,"Paper's main scenario (k*=3, MTD=4)",300,SEEDA,Recommended,1,False,0.527666666666663,0.013129870700648302,0.5039833333333285,0.5540083333333312
Paper's main scenario,"Paper's main scenario (k*=3, MTD=4)",300,SEEDA,Recommended,2,False,0.9786666666666651,0.03703728024594814,0.9116499999999987,1.0519999999999983
Paper's main scenario,"Paper's main scenario (k*=3, MTD=4)",300,SEEDA,Recommended,3,True,49.08833333333337,1.0842223192333509,47.019958333333385,51.12766666666667
Paper's main scenario,"Paper's main scenario (k*=3, MTD=4)",300,SEEDA,Recommended,4,False,49.40533333333329,1.0831242618911523,47.38747499999997,51.46652500000004
Paper's main scenario,"Paper's main scenario (k*=3, MTD=4)",300,SEEDA,Recommended,5,False,0.0,0.0,0.0,0.0
Paper's main scenario,"Paper's main scenario (k*=3, MTD=4)",300,SEEDA,Recommended,6,False,0.0,0.0,0.0,0.0
Paper's main scenario,"Paper's main scenario (k*=3, MTD=4)",300,SEEDA,Allocated,1,False,2.1326666666666694,0.014215620241792057,2.103991666666671,2.1606666666666685
Paper's main scenario,"Paper's main scenario (k*=3, MTD=4)",300,SEEDA,Allocated,2,False,5.578000000000002,0.06405227158558145,5.457633333333335,5.707033333333337
Paper's main scenario,"Paper's main scenario (k*=3, MTD=4)",300,SEEDA,Allocated,3,True,45.533999999999935,0.40557942963173976,44.73880000000002,46.30852499999999
Paper's main scenario,"Paper's main scenario (k*=3, MTD=4)",300,SEEDA,Allocated,4,False,46.088666666666704,0.40311529851700445,45.32893333333329,46.8813416666667
Paper's main scenario,"Paper's main scenario (k*=3, MTD=4)",300,SEEDA,Allocated,5,False,0.3333333333333318,7.220060593319288e-16,0.3333333333333318,0.3333333333333318
Paper's main scenario,"Paper's main scenario (k*=3, MTD=4)",300,SEEDA,Allocated,6,False,0.3333333333333318,7.220060593319288e-16,0.3333333333333318,0.3333333333333318
Paper's main scenario,"Paper's main scenario (k*=3, MTD=4)",300,SEEDA Plateau,Recommended,1,False,0.5629999999999963,0.023690376819350045,0.5203333333333282,0.6139999999999988
Paper's main scenario,"Paper's main scenario (k*=3, MTD=4)",300,SEEDA Plateau,Recommended,2,False,0.6663333333333362,0.028508144475089533,0.6123333333333332,0.7226833333333362
Paper's main scenario,"Paper's main scenario (k*=3, MTD=4)",300,SEEDA Plateau,Recommended,3,True,95.9516666666662,0.2849520669126011,95.36299166666636,96.47980833333284
Paper's main scenario,"Paper's main scenario (k*=3, MTD=4)",300,SEEDA Plateau,Recommended,4,False,2.819000000000001,0.28366945584226116,2.283983333333335,3.4000583333333334
Paper's main scenario,"Paper's main scenario (k*=3, MTD=4)",300,SEEDA Plateau,Recommended,5,False,0.0,0.0,0.0,0.0
Paper's main scenario,"Paper's main scenario (k*=3, MTD=4)",300,SEEDA Plateau,Recommended,6,False,0.0,0.0,0.0,0.0
Paper's main scenario,"Paper's main scenario (k*=3, MTD=4)",300,SEEDA Plateau,Allocated,1,False,0.9786666666666739,0.02838370007370998,0.9259916666666735,1.0380000000000051
Paper's main scenario,"Paper's main scenario (k*=3, MTD=4)",300,SEEDA Plateau,Allocated,2,False,2.7800000000000074,0.08895723538529185,2.612641666666669,2.954025000000001
Paper's main scenario,"Paper's main scenario (k*=3, MTD=4)",300,SEEDA Plateau,Allocated,3,True,22.480666666666632,0.7755598816345461,20.908324999999945,23.910524999999954
Paper's main scenario,"Paper's main scenario (k*=3, MTD=4)",300,SEEDA Plateau,Allocated,4,False,73.0940000000001,0.8685840250525267,71.49060000000007,74.8373916666666
Paper's main scenario,"Paper's main scenario (k*=3, MTD=4)",300,SEEDA Plateau,Allocated,5,False,0.3333333333333318,7.220060593319288e-16,0.3333333333333318,0.3333333333333318
Paper's main scenario,"Paper's main scenario (k*=3, MTD=4)",300,SEEDA Plateau,Allocated,6,False,0.3333333333333318,7.220060593319288e-16,0.3333333333333318,0.3333333333333318
Paper's main scenario,"Paper's main scenario (k*=3, MTD=4)",300,SEEDA Plateau (ours),Recommended,1,False,2.987,0.11118675915108583,2.773983333333327,3.21833333333333
Paper's main scenario,"Paper's main scenario (k*=3, MTD=4)",300,SEEDA Plateau (ours),Recommended,2,False,8.289999999999976,0.34212727072170823,7.647641666666647,8.97400833333332
Paper's main scenario,"Paper's main scenario (k*=3, MTD=4)",300,SEEDA Plateau (ours),Recommended,3,True,75.13433333333333,0.7138502145061864,73.77663333333331,76.5392833333332
Paper's main scenario,"Paper's main scenario (k*=3, MTD=4)",300,SEEDA Plateau (ours),Recommended,4,False,13.567333333333332,0.7018823050765093,12.221974999999993,14.92661666666666
Paper's main scenario,"Paper's main scenario (k*=3, MTD=4)",300,SEEDA Plateau (ours),Recommended,5,False,0.021333333333333333,0.0066304890171712885,0.009666666666666665,0.03500833333333333
Paper's main scenario,"Paper's main scenario (k*=3, MTD=4)",300,SEEDA Plateau (ours),Recommended,6,False,0.0,0.0,0.0,0.0
Paper's main scenario,"Paper's main scenario (k*=3, MTD=4)",300,SEEDA Plateau (ours),Allocated,1,False,0.8903333333333372,0.01740629345785109,0.8583333333333376,0.9266833333333369
Paper's main scenario,"Paper's main scenario (k*=3, MTD=4)",300,SEEDA Plateau (ours),Allocated,2,False,4.652000000000005,0.07000767668791534,4.514991666666669,4.783358333333337
Paper's main scenario,"Paper's main scenario (k*=3, MTD=4)",300,SEEDA Plateau (ours),Allocated,3,True,46.6623333333333,0.4009278862783956,45.92927499999996,47.49534166666673
Paper's main scenario,"Paper's main scenario (k*=3, MTD=4)",300,SEEDA Plateau (ours),Allocated,4,False,47.02966666666663,0.43402914566671363,46.15052499999999,47.826683333333364
Paper's main scenario,"Paper's main scenario (k*=3, MTD=4)",300,SEEDA Plateau (ours),Allocated,5,False,0.4323333333333285,0.018480278151841757,0.3996583333333287,0.4709999999999941
Paper's main scenario,"Paper's main scenario (k*=3, MTD=4)",300,SEEDA Plateau (ours),Allocated,6,False,0.3333333333333318,7.220060593319288e-16,0.3333333333333318,0.3333333333333318
Paper's main scenario,"Paper's main scenario (k*=3, MTD=4)",300,SEEDA Plateau (fixed),Recommended,1,False,45.54200000000007,1.0678434294660224,43.526516666666666,47.655233333333406
Paper's main scenario,"Paper's main scenario (k*=3, MTD=4)",300,SEEDA Plateau (fixed),Recommended,2,False,0.6886666666666704,0.11167871721989339,0.5082749999999924,0.9434583333333438
Paper's main scenario,"Paper's main scenario (k*=3, MTD=4)",300,SEEDA Plateau (fixed),Recommended,3,True,51.10600000000007,1.0731723179794146,49.00645833333342,53.268708333333464
Paper's main scenario,"Paper's main scenario (k*=3, MTD=4)",300,SEEDA Plateau (fixed),Recommended,4,False,2.6633333333333336,0.21841197381929645,2.247950000000001,3.098016666666666
Paper's main scenario,"Paper's main scenario (k*=3, MTD=4)",300,SEEDA Plateau (fixed),Recommended,5,False,0.0,0.0,0.0,0.0
Paper's main scenario,"Paper's main scenario (k*=3, MTD=4)",300,SEEDA Plateau (fixed),Recommended,6,False,0.0,0.0,0.0,0.0
Paper's main scenario,"Paper's main scenario (k*=3, MTD=4)",300,SEEDA Plateau (fixed),Allocated,1,False,0.48566666666666247,0.009084153526318991,0.46933333333332955,0.504666666666663
Paper's main scenario,"Paper's main scenario (k*=3, MTD=4)",300,SEEDA Plateau (fixed),Allocated,2,False,4.618333333333329,0.0733845760846119,4.471958333333334,4.758008333333333
Paper's main scenario,"Paper's main scenario (k*=3, MTD=4)",300,SEEDA Plateau (fixed),Allocated,3,True,47.95866666666668,0.3804145528914557,47.21252499999995,48.64847499999995
Paper's main scenario,"Paper's main scenario (k*=3, MTD=4)",300,SEEDA Plateau (fixed),Allocated,4,False,46.2706666666666,0.4180409841283121,45.50460833333333,47.09278333333335
Paper's main scenario,"Paper's main scenario (k*=3, MTD=4)",300,SEEDA Plateau (fixed),Allocated,5,False,0.3333333333333318,7.220060593319288e-16,0.3333333333333318,0.3333333333333318
Paper's main scenario,"Paper's main scenario (k*=3, MTD=4)",300,SEEDA Plateau (fixed),Allocated,6,False,0.3333333333333318,7.220060593319288e-16,0.3333333333333318,0.3333333333333318
Small efficacy gaps,"Small efficacy gaps (k*=3, MTD=4)",100,3 + 3,Recommended,1,False,4.436,0.5585102855006435,3.365975,5.5120249999999995
Small efficacy gaps,"Small efficacy gaps (k*=3, MTD=4)",100,3 + 3,Recommended,2,False,21.339,1.2272335267193872,19.032975,23.863025
Small efficacy gaps,"Small efficacy gaps (k*=3, MTD=4)",100,3 + 3,Recommended,3,True,25.026,1.325111425539036,22.470825,27.6942
Small efficacy gaps,"Small efficacy gaps (k*=3, MTD=4)",100,3 + 3,Recommended,4,False,37.921,1.371945658196798,35.342475,40.542025
Small efficacy gaps,"Small efficacy gaps (k*=3, MTD=4)",100,3 + 3,Recommended,5,False,11.137,0.9320602170585464,9.280975,12.9093
Small efficacy gaps,"Small efficacy gaps (k*=3, MTD=4)",100,3 + 3,Recommended,6,False,0.141,0.013404626179159317,0.115,0.167
Small efficacy gaps,"Small efficacy gaps (k*=3, MTD=4)",100,3 + 3,Allocated,1,False,4.436,0.5487140676956321,3.364875,5.601025
Small efficacy gaps,"Small efficacy gaps (k*=3, MTD=4)",100,3 + 3,Allocated,2,False,21.339,1.2064581262747802,18.84,23.556025
Small efficacy gaps,"Small efficacy gaps (k*=3, MTD=4)",100,3 + 3,Allocated,3,True,25.026,1.3123357483969251,22.623125,27.59045
Small efficacy gaps,"Small efficacy gaps (k*=3, MTD=4)",100,3 + 3,Allocated,4,False,37.921,1.4652704265284473,35.289,40.860025
Small efficacy gaps,"Small efficacy gaps (k*=3, MTD=4)",100,3 + 3,Allocated,5,False,11.137,0.935075064109572,9.36795,12.9281
Small efficacy gaps,"Small efficacy gaps (k*=3, MTD=4)",100,3 + 3,Allocated,6,False,0.141,0.013438972467453784,0.116,0.167
Small efficacy gaps,"Small efficacy gaps (k*=3, MTD=4)",100,CRM,Recommended,1,False,0.008,0.0027685340490557144,0.003,0.013
Small efficacy gaps,"Small efficacy gaps (k*=3, MTD=4)",100,CRM,Recommended,2,False,0.111,0.012566635202802693,0.087,0.136
Small efficacy gaps,"Small efficacy gaps (k*=3, MTD=4)",100,CRM,Recommended,3,True,1.883,0.04578095192937296,1.791,1.96705
Small efficacy gaps,"Small efficacy gaps (k*=3, MTD=4)",100,CRM,Recommended,4,False,26.767,0.9459644915213354,24.872625000000003,28.642325
Small efficacy gaps,"Small efficacy gaps (k*=3, MTD=4)",100,CRM,Recommended,5,False,71.047,0.9637282351733142,69.192375,72.93775
Small efficacy gaps,"Small efficacy gaps (k*=3, MTD=4)",100,CRM,Recommended,6,False,0.184,0.030108385441166976,0.129,0.243
Small efficacy gaps,"Small efficacy gaps (k*=3, MTD=4)",100,CRM,Allocated,1,False,0.008,0.002776902985376021,0.003,0.014
Small efficacy gaps,"Small efficacy gaps (k*=3, MTD=4)",100,CRM,Allocated,2,False,0.111,0.011718730291274747,0.09,0.134
Small efficacy gaps,"Small efficacy gaps (k*=3, MTD=4)",100,CRM,Allocated,3,True,1.883,0.04353400240461892,1.8029499999999998,1.976
Small efficacy gaps,"Small efficacy gaps (k*=3, MTD=4)",100,CRM,Allocated,4,False,26.767,0.9412676004472116,24.946875,28.496
Small efficacy gaps,"Small efficacy gaps (k*=3, MTD=4)",100,CRM,Allocated,5,False,71.047,0.9536086238932417,69.32227499999999,72.900075
Small efficacy gaps,"Small efficacy gaps (k*=3, MTD=4)",100,CRM,Allocated,6,False,0.184,0.02902343942464497,0.129,0.24402499999999996
Small efficacy gaps,"Small efficacy gaps (k*=3, MTD=4)",100,UCB,Recommended,1,False,6.904,0.4307401706523476,6.057925,7.81115
Small efficacy gaps,"Small efficacy gaps (k*=3, MTD=4)",100,UCB,Recommended,2,False,15.782,0.7304831613665302,14.360825,17.253375
Small efficacy gaps,"Small efficacy gaps (k*=3, MTD=4)",100,UCB,Recommended,3,True,32.701,0.9448210780213745,30.930625,34.590075000000006
Small efficacy gaps,"Small efficacy gaps (k*=3, MTD=4)",100,UCB,Recommended,4,False,35.681,1.00123944498866,33.802625,37.596999999999994
Small efficacy gaps,"Small efficacy gaps (k*=3, MTD=4)",100,UCB,Recommended,5,False,6.638,0.3731331717763511,5.921825,7.376025
Small efficacy gaps,"Small efficacy gaps (k*=3, MTD=4)",100,UCB,Recommended,6,False,2.294,0.108909320147612,2.0829750000000002,2.51605
Small efficacy gaps,"Small efficacy gaps (k*=3, MTD=4)",100,UCB,Allocated,1,False,14.574,0.055932198193838274,14.462974999999998,14.682025000000001
Small efficacy gaps,"Small efficacy gaps (k*=3, MTD=4)",100,UCB,Allocated,2,False,15.882,0.06349950748983375,15.761975,16.01105
Small efficacy gaps,"Small efficacy gaps (k*=3, MTD=4)",100,UCB,Allocated,3,True,17.4,0.06086338287817535,17.282,17.52205
Small efficacy gaps,"Small efficacy gaps (k*=3, MTD=4)",100,UCB,Allocated,4,False,17.454,0.06655673181241364,17.324975,17.586
Small efficacy gaps,"Small efficacy gaps (k*=3, MTD=4)",100,UCB,Allocated,5,False,17.36,0.06434224244742455,17.234,17.478025000000002
Small efficacy gaps,"Small efficacy gaps (k*=3, MTD=4)",100,UCB,Allocated,6,False,17.33,0.06275820734046333,17.203,17.44515
Small efficacy gaps,"Small efficacy gaps (k*=3, MTD=4)",100,SEEDA,Recommended,1,False,8.472,0.43247152953675466,7.677975,9.337
Small efficacy gaps,"Small efficacy gaps (k*=3, MTD=4)",100,SEEDA,Recommended,2,False,16.138,0.7074174292411762,14.7724,17.5861
Small efficacy gaps,"Small efficacy gaps (k*=3, MTD=4)",100,SEEDA,Recommended,3,True,37.102,1.034236826451364,35.100775,39.163174999999995
Small efficacy gaps,"Small efficacy gaps (k*=3, MTD=4)",100,SEEDA,Recommended,4,False,38.288,0.981020091229224,36.4478,40.16905
Small efficacy gaps,"Small efficacy gaps (k*=3, MTD=4)",100,SEEDA,Recommended,5,False,0.0,0.0,0.0,0.0
Small efficacy gaps,"Small efficacy gaps (k*=3, MTD=4)",100,SEEDA,Recommended,6,False,0.0,0.0,0.0,0.0
Small efficacy gaps,"Small efficacy gaps (k*=3, MTD=4)",100,SEEDA,Allocated,1,False,16.107,0.1965967399453947,15.705974999999999,16.473325
Small efficacy gaps,"Small efficacy gaps (k*=3, MTD=4)",100,SEEDA,Allocated,2,False,21.606,0.23888828618682278,21.130875,22.06905
Small efficacy gaps,"Small efficacy gaps (k*=3, MTD=4)",100,SEEDA,Allocated,3,True,30.306,0.30223592551792,29.695,30.894499999999997
Small efficacy gaps,"Small efficacy gaps (k*=3, MTD=4)",100,SEEDA,Allocated,4,False,29.981,0.29878846896288563,29.369,30.570050000000002
Small efficacy gaps,"Small efficacy gaps (k*=3, MTD=4)",100,SEEDA,Allocated,5,False,1.0,0.0,1.0,1.0
Small efficacy gaps,"Small efficacy gaps (k*=3, MTD=4)",100,SEEDA,Allocated,6,False,1.0,0.0,1.0,1.0
Small efficacy gaps,"Small efficacy gaps (k*=3, MTD=4)",100,SEEDA Plateau,Recommended,1,False,1.718,0.07052383559752966,1.581,1.85005
Small efficacy gaps,"Small efficacy gaps (k*=3, MTD=4)",100,SEEDA Plateau,Recommended,2,False,2.156,0.1075846739925259,1.943925,2.375075
Small efficacy gaps,"Small efficacy gaps (k*=3, MTD=4)",100,SEEDA Plateau,Recommended,3,True,90.594,0.377969776209326,89.822975,91.342275
Small efficacy gaps,"Small efficacy gaps (k*=3, MTD=4)",100,SEEDA Plateau,Recommended,4,False,5.532,0.35751925603306267,4.872975,6.257149999999999
Small efficacy gaps,"Small efficacy gaps (k*=3, MTD=4)",100,SEEDA Plateau,Recommended,5,False,0.0,0.0,0.0,0.0
Small efficacy gaps,"Small efficacy gaps (k*=3, MTD=4)",100,SEEDA Plateau,Recommended,6,False,0.0,0.0,0.0,0.0
Small efficacy gaps,"Small efficacy gaps (k*=3, MTD=4)",100,SEEDA Plateau,Allocated,1,False,7.673,0.24057743759230305,7.2099,8.158349999999999
Small efficacy gaps,"Small efficacy gaps (k*=3, MTD=4)",100,SEEDA Plateau,Allocated,2,False,11.775,0.34807236355429066,11.118875,12.459125
Small efficacy gaps,"Small efficacy gaps (k*=3, MTD=4)",100,SEEDA Plateau,Allocated,3,True,17.83,0.4818122321008489,16.87595,18.748225
Small efficacy gaps,"Small efficacy gaps (k*=3, MTD=4)",100,SEEDA Plateau,Allocated,4,False,60.722,0.9017957185072002,58.9218,62.4482
Small efficacy gaps,"Small efficacy gaps (k*=3, MTD=4)",100,SEEDA Plateau,Allocated,5,False,1.0,0.0,1.0,1.0
Small efficacy gaps,"Small efficacy gaps (k*=3, MTD=4)",100,SEEDA Plateau,Allocated,6,False,1.0,0.0,1.0,1.0
Small efficacy gaps,"Small efficacy gaps (k*=3, MTD=4)",100,SEEDA Plateau (ours),Recommended,1,False,52.832,1.0685749750210525,50.903400000000005,55.019
Small efficacy gaps,"Small efficacy gaps (k*=3, MTD=4)",100,SEEDA Plateau (ours),Recommended,2,False,23.255,0.8028970670991118,21.6676,24.811675
Small efficacy gaps,"Small efficacy gaps (k*=3, MTD=4)",100,SEEDA Plateau (ours),Recommended,3,True,16.376,0.7310308152491545,14.864650000000001,17.763125000000002
Small efficacy gaps,"Small efficacy gaps (k*=3, MTD=4)",100,SEEDA Plateau (ours),Recommended,4,False,7.449,0.538915593219955,6.446925,8.547325
Small efficacy gaps,"Small efficacy gaps (k*=3, MTD=4)",100,SEEDA Plateau (ours),Recommended,5,False,0.088,0.031134144197888836,0.036,0.15602499999999997
Small efficacy gaps,"Small efficacy gaps (k*=3, MTD=4)",100,SEEDA Plateau (ours),Recommended,6,False,0.0,0.0,0.0,0.0
Small efficacy gaps,"Small efficacy gaps (k*=3, MTD=4)",100,SEEDA Plateau (ours),Allocated,1,False,12.344,0.3891831399128084,11.621,13.126549999999998
Small efficacy gaps,"Small efficacy gaps (k*=3, MTD=4)",100,SEEDA Plateau (ours),Allocated,2,False,22.739,0.38653086582346075,21.9669,23.45505
Small efficacy gaps,"Small efficacy gaps (k*=3, MTD=4)",100,SEEDA Plateau (ours),Allocated,3,True,34.03,0.35014813130710487,33.38175,34.7331
Small efficacy gaps,"Small efficacy gaps (k*=3, MTD=4)",100,SEEDA Plateau (ours),Allocated,4,False,28.718,0.5669093664297192,27.652575,29.856250000000003
Small efficacy gaps,"Small efficacy gaps (k*=3, MTD=4)",100,SEEDA Plateau (ours),Allocated,5,False,1.169,0.04638383494434399,1.088,1.2690249999999998
Small efficacy gaps,"Small efficacy gaps (k*=3, MTD=4)",100,SEEDA Plateau (ours),Allocated,6,False,1.0,0.0,1.0,1.0
Small efficacy gaps,"Small efficacy gaps (k*=3, MTD=4)",100,SEEDA Plateau (fixed),Recommended,1,False,88.216,0.5300871056869949,87.1308,89.17
Small efficacy gaps,"Small efficacy gaps (k*=3, MTD=4)",100,SEEDA Plateau (fixed),Recommended,2,False,2.935,0.29541094098738974,2.3939,3.527325
Small efficacy gaps,"Small efficacy gaps (k*=3, MTD=4)",100,SEEDA Plateau (fixed),Recommended,3,True,3.848,0.3320962805129416,3.21475,4.523199999999999
Small efficacy gaps,"Small efficacy gaps (k*=3, MTD=4)",100,SEEDA Plateau (fixed),Recommended,4,False,5.001,0.2843203717953001,4.484775,5.5733
Small efficacy gaps,"Small efficacy gaps (k*=3, MTD=4)",100,SEEDA Plateau (fixed),Recommended,5,False,0.0,0.0,0.0,0.0
Small efficacy gaps,"Small efficacy gaps (k*=3, MTD=4)",100,SEEDA Plateau (fixed),Recommended,6,False,0.0,0.0,0.0,0.0
Small efficacy gaps,"Small efficacy gaps (k*=3, MTD=4)",100,SEEDA Plateau (fixed),Allocated,1,False,10.133,0.35267695633756896,9.456925,10.79905
Small efficacy gaps,"Small efficacy gaps (k*=3, MTD=4)",100,SEEDA Plateau (fixed),Allocated,2,False,20.959,0.3619339920684635,20.234975,21.632
Small efficacy gaps,"Small efficacy gaps (k*=3, MTD=4)",100,SEEDA Plateau (fixed),Allocated,3,True,34.077,0.3300627022057891,33.443850000000005,34.7173
Small efficacy gaps,"Small efficacy gaps (k*=3, MTD=4)",100,SEEDA Plateau (fixed),Allocated,4,False,32.831,0.5444891240991524,31.828925,33.9592
Small efficacy gaps,"Small efficacy gaps (k*=3, MTD=4)",100,SEEDA Plateau (fixed),Allocated,5,False,1.0,0.0,1.0,1.0
Small efficacy gaps,"Small efficacy gaps (k*=3, MTD=4)",100,SEEDA Plateau (fixed),Allocated,6,False,1.0,0.0,1.0,1.0
Small efficacy gaps,"Small efficacy gaps (k*=3, MTD=4)",300,3 + 3,Recommended,1,False,4.404000000000036,0.609296748086658,3.215666666666713,5.593041666666669
Small efficacy gaps,"Small efficacy gaps (k*=3, MTD=4)",300,3 + 3,Recommended,2,False,19.9296666666666,1.2388034316699297,17.464333333333432,22.398033333333224
Small efficacy gaps,"Small efficacy gaps (k*=3, MTD=4)",300,3 + 3,Recommended,3,True,26.977666666666607,1.3726881048648856,24.22863333333327,29.731383333333294
Small efficacy gaps,"Small efficacy gaps (k*=3, MTD=4)",300,3 + 3,Recommended,4,False,37.789666666666704,1.5349089596795855,34.935241666666656,40.83534999999998
Small efficacy gaps,"Small efficacy gaps (k*=3, MTD=4)",300,3 + 3,Recommended,5,False,10.851666666666672,0.9578371569587545,9.084241666666657,12.711383333333362
Small efficacy gaps,"Small efficacy gaps (k*=3, MTD=4)",300,3 + 3,Recommended,6,False,0.047333333333333345,0.004733208970248945,0.03865833333333333,0.05666666666666671
Small efficacy gaps,"Small efficacy gaps (k*=3, MTD=4)",300,3 + 3,Allocated,1,False,4.404000000000036,0.6287710058333992,3.217600000000056,5.692666666666646
Small efficacy gaps,"Small efficacy gaps (k*=3, MTD=4)",300,3 + 3,Allocated,2,False,19.9296666666666,1.2092486781397764,17.652975000000087,22.295016666666584
Small efficacy gaps,"Small efficacy gaps (k*=3, MTD=4)",300,3 + 3,Allocated,3,True,26.977666666666607,1.355622984210325,24.414883333333307,29.633716666666587
Small efficacy gaps,"Small efficacy gaps (k*=3, MTD=4)",300,3 + 3,Allocated,4,False,37.789666666666704,1.4647647724102661,34.84925833333335,40.545099999999984
Small efficacy gaps,"Small efficacy gaps (k*=3, MTD=4)",300,3 + 3,Allocated,5,False,10.851666666666672,0.9986397128496532,8.79666666666666,12.715341666666713
Small efficacy gaps,"Small efficacy gaps (k*=3, MTD=4)",300,3 + 3,Allocated,6,False,0.047333333333333345,0.00487939286150636,0.03733333333333335,0.05667500000000006
Small efficacy gaps,"Small efficacy gaps (k*=3, MTD=4)",300,CRM,Recommended,1,False,0.0006666666666666668,0.0004837747802831793,0.0,0.001666666666666667
Small efficacy gaps,"Small efficacy gaps (k*=3, MTD=4)",300,CRM,Recommended,2,False,0.035333333333333314,0.004092835008831985,0.027666666666666645,0.04366666666666669
Small efficacy gaps,"Small efficacy gaps (k*=3, MTD=4)",300,CRM,Recommended,3,True,0.629666666666669,0.01580222265367636,0.5973333333333329,0.659008333333335
Small efficacy gaps,"Small efficacy gaps (k*=3, MTD=4)",300,CRM,Recommended,4,False,14.403999999999998,0.6319151579833416,13.191991666666656,15.675683333333359
Small efficacy gaps,"Small efficacy gaps (k*=3, MTD=4)",300,CRM,Recommended,5,False,84.88466666666675,0.6344605213883036,83.63252499999986,86.09070000000001
Small efficacy gaps,"Small efficacy gaps (k*=3, MTD=4)",300,CRM,Recommended,6,False,0.04566666666666666,0.00799832175006009,0.03133333333333334,0.06200000000000003
Small efficacy gaps,"Small efficacy gaps (k*=3, MTD=4)",300,CRM,Allocated,1,False,0.0006666666666666668,0.000484253206323405,0.0,0.001666666666666667
Small efficacy gaps,"Small efficacy gaps (k*=3, MTD=4)",300,CRM,Allocated,2,False,0.035333333333333314,0.0038323807552700924,0.02799999999999998,0.04300833333333336
Small efficacy gaps,"Small efficacy gaps (k*=3, MTD=4)",300,CRM,Allocated,3,True,0.629666666666669,0.015852462343122865,0.5993249999999994,0.6600083333333346
Small efficacy gaps,"Small efficacy gaps (k*=3, MTD=4)",300,CRM,Allocated,4,False,14.403999999999998,0.6507468407450231,13.163725000000008,15.67009166666668
Small efficacy gaps,"Small efficacy gaps (k*=3, MTD=4)",300,CRM,Allocated,5,False,84.88466666666675,0.6533196172522479,83.60424999999991,86.14245833333356
Small efficacy gaps,"Small efficacy gaps (k*=3, MTD=4)",300,CRM,Allocated,6,False,0.04566666666666666,0.008208538508027559,0.031333333333333324,0.06400833333333335
Small efficacy gaps,"Small efficacy gaps (k*=3, MTD=4)",300,UCB,Recommended,1,False,3.680666666666697,0.28839540359612603,3.1316583333333448,4.253175000000022
Small efficacy gaps,"Small efficacy gaps (k*=3, MTD=4)",300,UCB,Recommended,2,False,12.14533333333337,0.6701099680938075,10.951675000000025,13.4547083333334
Small efficacy gaps,"Small efficacy gaps (k*=3, MTD=4)",300,UCB,Recommended,3,True,40.673333333333304,1.071306793556583,38.61624166666667,42.798475
Small efficacy gaps,"Small efficacy gaps (k*=3, MTD=4)",300,UCB,Recommended,4,False,40.234000000000016,1.0763581202630899,38.139824999999995,42.39206666666669
Small efficacy gaps,"Small efficacy gaps (k*=3, MTD=4)",300,UCB,Recommended,5,False,2.5903333333333403,0.1926902150415348,2.2212583333333225,2.9733583333333486
Small efficacy gaps,"Small efficacy gaps (k*=3, MTD=4)",300,UCB,Recommended,6,False,0.676333333333334,0.03147377596624932,0.613983333333333,0.7366750000000046
Small efficacy gaps,"Small efficacy gaps (k*=3, MTD=4)",300,UCB,Allocated,1,False,13.377999999999988,0.04966467128000661,13.278316666666658,13.473674999999993
Small efficacy gaps,"Small efficacy gaps (k*=3, MTD=4)",300,UCB,Allocated,2,False,15.346000000000009,0.054351555839531496,15.23596666666666,15.451016666666671
Small efficacy gaps,"Small efficacy gaps (k*=3, MTD=4)",300,UCB,Allocated,3,True,17.79733333333335,0.059757557076396434,17.68297500000001,17.91573333333335
Small efficacy gaps,"Small efficacy gaps (k*=3, MTD=4)",300,UCB,Allocated,4,False,17.815000000000015,0.055878017501975484,17.705316666666697,17.925366666666665
Small efficacy gaps,"Small efficacy gaps (k*=3, MTD=4)",300,UCB,Allocated,5,False,17.83933333333335,0.058751337839406254,17.729300000000027,17.95036666666665
Small efficacy gaps,"Small efficacy gaps (k*=3, MTD=4)",300,UCB,Allocated,6,False,17.824333333333332,0.057215348609975965,17.720991666666656,17.93967499999998
Small efficacy gaps,"Small efficacy gaps (k*=3, MTD=4)",300,SEEDA,Recommended,1,False,3.1846666666666574,0.19357048594942583,2.8281833333333366,3.5620916666666607
Small efficacy gaps,"Small efficacy gaps (k*=3, MTD=4)",300,SEEDA,Recommended,2,False,10.591666666666658,0.5480199593731203,9.499124999999992,11.703391666666654
Small efficacy gaps,"Small efficacy gaps (k*=3, MTD=4)",300,SEEDA,Recommended,3,True,42.04700000000001,1.078917024541668,40.01790833333333,44.21468333333331
Small efficacy gaps,"Small efficacy gaps (k*=3, MTD=4)",300,SEEDA,Recommended,4,False,44.176666666666705,1.0633942772219476,41.9166166666667,46.07234166666669
Small efficacy gaps,"Small efficacy gaps (k*=3, MTD=4)",300,SEEDA,Recommended,5,False,0.0,0.0,0.0,0.0
Small efficacy gaps,"Small efficacy gaps (k*=3, MTD=4)",300,SEEDA,Recommended,6,False,0.0,0.0,0.0,0.0
Small efficacy gaps,"Small efficacy gaps (k*=3, MTD=4)",300,SEEDA,Allocated,1,False,12.60100000000001,0.14607055147925635,12.327991666666659,12.897025000000015
Small efficacy gaps,"Small efficacy gaps (k*=3, MTD=4)",300,SEEDA,Allocated,2,False,19.38533333333333,0.21766487052289513,18.954933333333315,19.81275000000002
Small efficacy gaps,"Small efficacy gaps (k*=3, MTD=4)",300,SEEDA,Allocated,3,True,33.59100000000002,0.31488617745707875,32.96433333333337,34.221758333333355
Small efficacy gaps,"Small efficacy gaps (k*=3, MTD=4)",300,SEEDA,Allocated,4,False,33.75600000000001,0.3027046283350472,33.16324166666667,34.35305
Small efficacy gaps,"Small efficacy gaps (k*=3, MTD=4)",300,SEEDA,Allocated,5,False,0.3333333333333318,7.220060593319288e-16,0.3333333333333318,0.3333333333333318
Small efficacy gaps,"Small efficacy gaps (k*=3, MTD=4)",300,SEEDA,Allocated,6,False,0.3333333333333318,7.220060593319288e-16,0.3333333333333318,0.3333333333333318
Small efficacy gaps,"Small efficacy gaps (k*=3, MTD=4)",300,SEEDA Plateau,Recommended,1,False,0.5723333333333321,0.023102648215667067,0.5276583333333281,0.6199999999999996
Small efficacy gaps,"Small efficacy gaps (k*=3, MTD=4)",300,SEEDA Plateau,Recommended,2,False,0.7763333333333406,0.042941516481450885,0.6966583333333352,0.8644583333333395
Small efficacy gaps,"Small efficacy gaps (k*=3, MTD=4)",300,SEEDA Plateau,Recommended,3,True,96.1466666666661,0.25024593529213235,95.60688333333292,96.61736666666617
Small efficacy gaps,"Small efficacy gaps (k*=3, MTD=4)",300,SEEDA Plateau,Recommended,4,False,2.5046666666666653,0.24199762026789978,2.048308333333332,3.0267500000000016
Small efficacy gaps,"Small efficacy gaps (k*=3, MTD=4)",300,SEEDA Plateau,Recommended,5,False,0.0,0.0,0.0,0.0
Small efficacy gaps,"Small efficacy gaps (k*=3, MTD=4)",300,SEEDA Plateau,Recommended,6,False,0.0,0.0,0.0,0.0
Small efficacy gaps,"Small efficacy gaps (k*=3, MTD=4)",300,SEEDA Plateau,Allocated,1,False,4.888333333333333,0.19147439402672267,4.520941666666672,5.310358333333341
Small efficacy gaps,"Small efficacy gaps (k*=3, MTD=4)",300,SEEDA Plateau,Allocated,2,False,8.748999999999992,0.318630343740131,8.139816666666652,9.410358333333335
Small efficacy gaps,"Small efficacy gaps (k*=3, MTD=4)",300,SEEDA Plateau,Allocated,3,True,16.83600000000003,0.5968800339579104,15.73273333333336,18.022141666666666
Small efficacy gaps,"Small efficacy gaps (k*=3, MTD=4)",300,SEEDA Plateau,Allocated,4,False,68.86000000000008,1.0022295714225007,66.81219166666662,70.78470833333346
Small efficacy gaps,"Small efficacy gaps (k*=3, MTD=4)",300,SEEDA Plateau,Allocated,5,False,0.3333333333333318,7.220060593319288e-16,0.3333333333333318,0.3333333333333318
Small efficacy gaps,"Small efficacy gaps (k*=3, MTD=4)",300,SEEDA Plateau,Allocated,6,False,0.3333333333333318,7.220060593319288e-16,0.3333333333333318,0.3333333333333318
Small efficacy gaps,"Small efficacy gaps (k*=3, MTD=4)",300,SEEDA Plateau (ours),Recommended,1,False,37.08066666666667,1.0202671213658439,35.13341666666667,39.19760000000004
Small efficacy gaps,"Small efficacy gaps (k*=3, MTD=4)",300,SEEDA Plateau (ours),Recommended,2,False,29.18366666666655,0.9586168763588322,27.41858333333324,31.153183333333214
Small efficacy gaps,"Small efficacy gaps (k*=3, MTD=4)",300,SEEDA Plateau (ours),Recommended,3,True,23.61766666666668,0.8735676763392185,21.94863333333334,25.24357499999998
Small efficacy gaps,"Small efficacy gaps (k*=3, MTD=4)",300,SEEDA Plateau (ours),Recommended,4,False,10.087666666666667,0.6071690596312767,8.95761666666667,11.362091666666664
Small efficacy gaps,"Small efficacy gaps (k*=3, MTD=4)",300,SEEDA Plateau (ours),Recommended,5,False,0.030333333333333334,0.01555554794437109,0.005991666666666667,0.06535833333333331
Small efficacy gaps,"Small efficacy gaps (k*=3, MTD=4)",300,SEEDA Plateau (ours),Recommended,6,False,0.0,0.0,0.0,0.0
Small efficacy gaps,"Small efficacy gaps (k*=3, MTD=4)",300,SEEDA Plateau (ours),Allocated,1,False,6.362666666666669,0.27148398164217413,5.8556000000000035,6.9116750000000025
Small efficacy gaps,"Small efficacy gaps (k*=3, MTD=4)",300,SEEDA Plateau (ours),Allocated,2,False,17.79633333333333,0.32074130665766104,17.16561666666667,18.417516666666653
Small efficacy gaps,"Small efficacy gaps (k*=3, MTD=4)",300,SEEDA Plateau (ours),Allocated,3,True,38.05766666666671,0.36272309449197543,37.353133333333346,38.73465833333338
Small efficacy gaps,"Small efficacy gaps (k*=3, MTD=4)",300,SEEDA Plateau (ours),Allocated,4,False,37.048333333333346,0.5130480708960512,36.02159999999998,38.02224999999997
Small efficacy gaps,"Small efficacy gaps (k*=3, MTD=4)",300,SEEDA Plateau (ours),Allocated,5,False,0.4016666666666617,0.01733323987744571,0.3709916666666629,0.4370083333333273
Small efficacy gaps,"Small efficacy gaps (k*=3, MTD=4)",300,SEEDA Plateau (ours),Allocated,6,False,0.3333333333333318,7.220060593319288e-16,0.3333333333333318,0.3333333333333318
Small efficacy gaps,"Small efficacy gaps (k*=3, MTD=4)",300,SEEDA Plateau (fixed),Recommended,1,False,91.93733333333289,0.5108051946025267,90.98664999999967,92.91871666666621
Small efficacy gaps,"Small efficacy gaps (k*=3, MTD=4)",300,SEEDA Plateau (fixed),Recommended,2,False,2.3743333333333325,0.32192148638840257,1.7492749999999802,2.987550000000031
Small efficacy gaps,"Small efficacy gaps (k*=3, MTD=4)",300,SEEDA Plateau (fixed),Recommended,3,True,3.1206666666666822,0.3356145740321087,2.490300000000005,3.8158500000000317
Small efficacy gaps,"Small efficacy gaps (k*=3, MTD=4)",300,SEEDA Plateau (fixed),Recommended,4,False,2.5676666666666685,0.24033087249629514,2.142575,3.0680166666666664
Small efficacy gaps,"Small efficacy gaps (k*=3, MTD=4)",300,SEEDA Plateau (fixed),Recommended,5,False,0.0,0.0,0.0,0.0
Small efficacy gaps,"Small efficacy gaps (k*=3, MTD=4)",300,SEEDA Plateau (fixed),Recommended,6,False,0.0,0.0,0.0,0.0
Small efficacy gaps,"Small efficacy gaps (k*=3, MTD=4)",300,SEEDA Plateau (fixed),Allocated,1,False,4.967666666666667,0.20723644617296447,4.565974999999996,5.37871666666667
Small efficacy gaps,"Small efficacy gaps (k*=3, MTD=4)",300,SEEDA Plateau (fixed),Allocated,2,False,17.064333333333316,0.2965856398583972,16.444799999999997,17.636433333333333
Small efficacy gaps,"Small efficacy gaps (k*=3, MTD=4)",300,SEEDA Plateau (fixed),Allocated,3,True,38.98533333333341,0.3019573886724876,38.394633333333324,39.571133333333364
Small efficacy gaps,"Small efficacy gaps (k*=3, MTD=4)",300,SEEDA Plateau (fixed),Allocated,4,False,38.31600000000002,0.464365007601008,37.4390916666667,39.24254166666669
Small efficacy gaps,"Small efficacy gaps (k*=3, MTD=4)",300,SEEDA Plateau (fixed),Allocated,5,False,0.3333333333333318,7.220060593319288e-16,0.3333333333333318,0.3333333333333318
Small efficacy gaps,"Small efficacy gaps (k*=3, MTD=4)",300,SEEDA Plateau (fixed),Allocated,6,False,0.3333333333333318,7.220060593319288e-16,0.3333333333333318,0.3333333333333318
Optimal dose at MTD-2,"Optimal dose at MTD-2 (k*=2, MTD=4)",100,3 + 3,Recommended,1,False,3.949,0.51741566130778,2.975975,5.0120249999999995
Optimal dose at MTD-2,"Optimal dose at MTD-2 (k*=2, MTD=4)",100,3 + 3,Recommended,2,True,20.573,1.2429853714378971,18.263975,23.068150000000003
Optimal dose at MTD-2,"Optimal dose at MTD-2 (k*=2, MTD=4)",100,3 + 3,Recommended,3,False,27.137,1.3402988704692635,24.600199999999997,29.704175
Optimal dose at MTD-2,"Optimal dose at MTD-2 (k*=2, MTD=4)",100,3 + 3,Recommended,4,False,38.368,1.4531172270534687,35.63475,41.125675
Optimal dose at MTD-2,"Optimal dose at MTD-2 (k*=2, MTD=4)",100,3 + 3,Recommended,5,False,9.855,0.8292227082629242,8.237225,11.386249999999999
Optimal dose at MTD-2,"Optimal dose at MTD-2 (k*=2, MTD=4)",100,3 + 3,Recommended,6,False,0.118,0.01142668841826922,0.095,0.14
Optimal dose at MTD-2,"Optimal dose at MTD-2 (k*=2, MTD=4)",100,3 + 3,Allocated,1,False,3.949,0.5417799976206413,2.8779250000000003,5.112025
Optimal dose at MTD-2,"Optimal dose at MTD-2 (k*=2, MTD=4)",100,3 + 3,Allocated,2,True,20.573,1.2464393460872758,18.25995,23.070125
Optimal dose at MTD-2,"Optimal dose at MTD-2 (k*=2, MTD=4)",100,3 + 3,Allocated,3,False,27.137,1.3459456459905657,24.47985,29.780425
Optimal dose at MTD-2,"Optimal dose at MTD-2 (k*=2, MTD=4)",100,3 + 3,Allocated,4,False,38.368,1.5359064443219554,35.452675000000006,41.488275
Optimal dose at MTD-2,"Optimal dose at MTD-2 (k*=2, MTD=4)",100,3 + 3,Allocated,5,False,9.855,0.8975699055195056,8.1639,11.638
Optimal dose at MTD-2,"Optimal dose at MTD-2 (k*=2, MTD=4)",100,3 + 3,Allocated,6,False,0.118,0.011981757864417108,0.095,0.142
Optimal dose at MTD-2,"Optimal dose at MTD-2 (k*=2, MTD=4)",100,CRM,Recommended,1,False,0.002,0.0014525887284479381,0.0,0.006
Optimal dose at MTD-2,"Optimal dose at MTD-2 (k*=2, MTD=4)",100,CRM,Recommended,2,True,0.102,0.013011381442684954,0.077975,0.128
Optimal dose at MTD-2,"Optimal dose at MTD-2 (k*=2, MTD=4)",100,CRM,Recommended,3,False,1.871,0.05172960915629909,1.770975,1.978025
Optimal dose at MTD-2,"Optimal dose at MTD-2 (k*=2, MTD=4)",100,CRM,Recommended,4,False,25.128,0.8952580213686028,23.437675,26.871125
Optimal dose at MTD-2,"Optimal dose at MTD-2 (k*=2, MTD=4)",100,CRM,Recommended,5,False,72.779,0.9122646293883332,70.993975,74.48707499999999
Optimal dose at MTD-2,"Optimal dose at MTD-2 (k*=2, MTD=4)",100,CRM,Recommended,6,False,0.118,0.02134191078971508,0.076,0.162
Optimal dose at MTD-2,"Optimal dose at MTD-2 (k*=2, MTD=4)",100,CRM,Allocated,1,False,0.002,0.0014592646961581212,0.0,0.005
Optimal dose at MTD-2,"Optimal dose at MTD-2 (k*=2, MTD=4)",100,CRM,Allocated,2,True,0.102,0.013304482148706328,0.078,0.13002499999999997
Optimal dose at MTD-2,"Optimal dose at MTD-2 (k*=2, MTD=4)",100,CRM,Allocated,3,False,1.871,0.04961498787687068,1.777,1.97
Optimal dose at MTD-2,"Optimal dose at MTD-2 (k*=2, MTD=4)",100,CRM,Allocated,4,False,25.128,0.8691191496868274,23.454974999999997,26.856350000000003
Optimal dose at MTD-2,"Optimal dose at MTD-2 (k*=2, MTD=4)",100,CRM,Allocated,5,False,72.779,0.885200214337674,70.993775,74.4701
Optimal dose at MTD-2,"Optimal dose at MTD-2 (k*=2, MTD=4)",100,CRM,Allocated,6,False,0.118,0.02139274233062292,0.081975,0.166
Optimal dose at MTD-2,"Optimal dose at MTD-2 (k*=2, MTD=4)",100,UCB,Recommended,1,False,1.02,0.013406866900214994,1.0,1.052
Optimal dose at MTD-2,"Optimal dose at MTD-2 (k*=2, MTD=4)",100,UCB,Recommended,2,True,29.152,0.9751917780226217,27.202199999999998,31.033175
Optimal dose at MTD-2,"Optimal dose at MTD-2 (k*=2, MTD=4)",100,UCB,Recommended,3,False,29.923,0.9565464592295905,28.069875,31.799325
Optimal dose at MTD-2,"Optimal dose at MTD-2 (k*=2, MTD=4)",100,UCB,Recommended,4,False,31.998,0.9867818432714544,29.9966,33.916149999999995
Optimal dose at MTD-2,"Optimal dose at MTD-2 (k*=2, MTD=4)",100,UCB,Recommended,5,False,5.893,0.3127051308723186,5.288875,6.498325
Optimal dose at MTD-2,"Optimal dose at MTD-2 (k*=2, MTD=4)",100,UCB,Recommended,6,False,2.014,0.09855788279108003,1.8239750000000001,2.2150499999999997
Optimal dose at MTD-2,"Optimal dose at MTD-2 (k*=2, MTD=4)",100,UCB,Allocated,1,False,8.54,0.023561034917133156,8.491,8.588
Optimal dose at MTD-2,"Optimal dose at MTD-2 (k*=2, MTD=4)",100,UCB,Allocated,2,True,18.211,0.07328390209525086,18.068949999999997,18.346
Optimal dose at MTD-2,"Optimal dose at MTD-2 (k*=2, MTD=4)",100,UCB,Allocated,3,False,18.239,0.06881120528644279,18.107,18.379050000000003
Optimal dose at MTD-2,"Optimal dose at MTD-2 (k*=2, MTD=4)",100,UCB,Allocated,4,False,18.294,0.06703982576229023,18.167975,18.426
Optimal dose at MTD-2,"Optimal dose at MTD-2 (k*=2, MTD=4)",100,UCB,Allocated,5,False,18.29,0.06841691143109123,18.165,18.426099999999998
Optimal dose at MTD-2,"Optimal dose at MTD-2 (k*=2, MTD=4)",100,UCB,Allocated,6,False,18.426,0.06679331333079468,18.300925,18.552
Optimal dose at MTD-2,"Optimal dose at MTD-2 (k*=2, MTD=4)",100,SEEDA,Recommended,1,False,1.535,0.038927119037974016,1.468,1.615025
Optimal dose at MTD-2,"Optimal dose at MTD-2 (k*=2, MTD=4)",100,SEEDA,Recommended,2,True,31.196,0.954570774894813,29.291625000000003,32.96405
Optimal dose at MTD-2,"Optimal dose at MTD-2 (k*=2, MTD=4)",100,SEEDA,Recommended,3,False,33.638,1.0333991834830452,31.631825000000003,35.663199999999996
Optimal dose at MTD-2,"Optimal dose at MTD-2 (k*=2, MTD=4)",100,SEEDA,Recommended,4,False,33.631,0.9876463965654143,31.6508,35.550124999999994
Optimal dose at MTD-2,"Optimal dose at MTD-2 (k*=2, MTD=4)",100,SEEDA,Recommended,5,False,0.0,0.0,0.0,0.0
Optimal dose at MTD-2,"Optimal dose at MTD-2 (k*=2, MTD=4)",100,SEEDA,Recommended,6,False,0.0,0.0,0.0,0.0
Optimal dose at MTD-2,"Optimal dose at MTD-2 (k*=2, MTD=4)",100,SEEDA,Allocated,1,False,3.974,0.030256025947009386,3.915,4.038025
Optimal dose at MTD-2,"Optimal dose at MTD-2 (k*=2, MTD=4)",100,SEEDA,Allocated,2,True,30.848,0.30687582800346563,30.243875,31.457175
Optimal dose at MTD-2,"Optimal dose at MTD-2 (k*=2, MTD=4)",100,SEEDA,Allocated,3,False,31.881,0.3086503655467656,31.264975,32.49405
Optimal dose at MTD-2,"Optimal dose at MTD-2 (k*=2, MTD=4)",100,SEEDA,Allocated,4,False,31.297,0.3248356749677162,30.6549,31.936075
Optimal dose at MTD-2,"Optimal dose at MTD-2 (k*=2, MTD=4)",100,SEEDA,Allocated,5,False,1.0,0.0,1.0,1.0
Optimal dose at MTD-2,"Optimal dose at MTD-2 (k*=2, MTD=4)",100,SEEDA,Allocated,6,False,1.0,0.0,1.0,1.0
Optimal dose at MTD-2,"Optimal dose at MTD-2 (k*=2, MTD=4)",100,SEEDA Plateau,Recommended,1,False,1.501,0.05111821028187928,1.405,1.608
Optimal dose at MTD-2,"Optimal dose at MTD-2 (k*=2, MTD=4)",100,SEEDA Plateau,Recommended,2,True,2.255,0.11004370673687984,2.0389500000000003,2.477175
Optimal dose at MTD-2,"Optimal dose at MTD-2 (k*=2, MTD=4)",100,SEEDA Plateau,Recommended,3,False,91.172,0.32343069203238634,90.4949,91.777175
Optimal dose at MTD-2,"Optimal dose at MTD-2 (k*=2, MTD=4)",100,SEEDA Plateau,Recommended,4,False,5.072,0.30372757082833507,4.505,5.707125
Optimal dose at MTD-2,"Optimal dose at MTD-2 (k*=2, MTD=4)",100,SEEDA Plateau,Recommended,5,False,0.0,0.0,0.0,0.0
Optimal dose at MTD-2,"Optimal dose at MTD-2 (k*=2, MTD=4)",100,SEEDA Plateau,Recommended,6,False,0.0,0.0,0.0,0.0
Optimal dose at MTD-2,"Optimal dose at MTD-2 (k*=2, MTD=4)",100,SEEDA Plateau,Allocated,1,False,2.452,0.047103837662365915,2.357,2.54005
Optimal dose at MTD-2,"Optimal dose at MTD-2 (k*=2, MTD=4)",100,SEEDA Plateau,Allocated,2,True,16.976,0.4983411456999084,15.963975,17.9592
Optimal dose at MTD-2,"Optimal dose at MTD-2 (k*=2, MTD=4)",100,SEEDA Plateau,Allocated,3,False,19.209,0.47717221973443374,18.273775,20.109150000000003
Optimal dose at MTD-2,"Optimal dose at MTD-2 (k*=2, MTD=4)",100,SEEDA Plateau,Allocated,4,False,59.363,0.8958436859484219,57.629850000000005,61.105225
Optimal dose at MTD-2,"Optimal dose at MTD-2 (k*=2, MTD=4)",100,SEEDA Plateau,Allocated,5,False,1.0,0.0,1.0,1.0
Optimal dose at MTD-2,"Optimal dose at MTD-2 (k*=2, MTD=4)",100,SEEDA Plateau,Allocated,6,False,1.0,0.0,1.0,1.0
Optimal dose at MTD-2,"Optimal dose at MTD-2 (k*=2, MTD=4)",100,SEEDA Plateau (ours),Recommended,1,False,14.462,0.6967717857501243,13.075875,15.87215
Optimal dose at MTD-2,"Optimal dose at MTD-2 (k*=2, MTD=4)",100,SEEDA Plateau (ours),Recommended,2,True,65.711,0.9712142704666972,63.8429,67.5292
Optimal dose at MTD-2,"Optimal dose at MTD-2 (k*=2, MTD=4)",100,SEEDA Plateau (ours),Recommended,3,False,11.287,0.664256373890574,9.914874999999999,12.510075
Optimal dose at MTD-2,"Optimal dose at MTD-2 (k*=2, MTD=4)",100,SEEDA Plateau (ours),Recommended,4,False,8.51,0.5784102664513628,7.478675,9.706025
Optimal dose at MTD-2,"Optimal dose at MTD-2 (k*=2, MTD=4)",100,SEEDA Plateau (ours),Recommended,5,False,0.03,0.013128266541412912,0.009,0.05902499999999997
Optimal dose at MTD-2,"Optimal dose at MTD-2 (k*=2, MTD=4)",100,SEEDA Plateau (ours),Recommended,6,False,0.0,0.0,0.0,0.0
Optimal dose at MTD-2,"Optimal dose at MTD-2 (k*=2, MTD=4)",100,SEEDA Plateau (ours),Allocated,1,False,3.194,0.04487163745449734,3.108,3.288
Optimal dose at MTD-2,"Optimal dose at MTD-2 (k*=2, MTD=4)",100,SEEDA Plateau (ours),Allocated,2,True,31.848,0.5682608027049647,30.740825,32.979124999999996
Optimal dose at MTD-2,"Optimal dose at MTD-2 (k*=2, MTD=4)",100,SEEDA Plateau (ours),Allocated,3,False,35.275,0.2881418108747398,34.731775,35.851175
Optimal dose at MTD-2,"Optimal dose at MTD-2 (k*=2, MTD=4)",100,SEEDA Plateau (ours),Allocated,4,False,27.544,0.5802700276733376,26.408,28.638075
Optimal dose at MTD-2,"Optimal dose at MTD-2 (k*=2, MTD=4)",100,SEEDA Plateau (ours),Allocated,5,False,1.139,0.04047505084296665,1.069,1.225025
Optimal dose at MTD-2,"Optimal dose at MTD-2 (k*=2, MTD=4)",100,SEEDA Plateau (ours),Allocated,6,False,1.0,0.0,1.0,1.0
Optimal dose at MTD-2,"Optimal dose at MTD-2 (k*=2, MTD=4)",100,SEEDA Plateau (fixed),Recommended,1,False,45.188,1.086069392016585,43.152225,47.37965
Optimal dose at MTD-2,"Optimal dose at MTD-2 (k*=2, MTD=4)",100,SEEDA Plateau (fixed),Recommended,2,True,46.271,1.1303348852547292,43.9243,48.509025
Optimal dose at MTD-2,"Optimal dose at MTD-2 (k*=2, MTD=4)",100,SEEDA Plateau (fixed),Recommended,3,False,3.558,0.3070737324424802,2.9539,4.1431
Optimal dose at MTD-2,"Optimal dose at MTD-2 (k*=2, MTD=4)",100,SEEDA Plateau (fixed),Recommended,4,False,4.983,0.2739005082277275,4.477875,5.516
Optimal dose at MTD-2,"Optimal dose at MTD-2 (k*=2, MTD=4)",100,SEEDA Plateau (fixed),Recommended,5,False,0.0,0.0,0.0,0.0
Optimal dose at MTD-2,"Optimal dose at MTD-2 (k*=2, MTD=4)",100,SEEDA Plateau (fixed),Recommended,6,False,0.0,0.0,0.0,0.0
Optimal dose at MTD-2,"Optimal dose at MTD-2 (k*=2, MTD=4)",100,SEEDA Plateau (fixed),Allocated,1,False,2.981,0.046517970350882315,2.88695,3.074025
Optimal dose at MTD-2,"Optimal dose at MTD-2 (k*=2, MTD=4)",100,SEEDA Plateau (fixed),Allocated,2,True,30.689,0.5559309972007758,29.6214,31.806225
Optimal dose at MTD-2,"Optimal dose at MTD-2 (k*=2, MTD=4)",100,SEEDA Plateau (fixed),Allocated,3,False,35.526,0.2708811671521625,34.988875,36.054225
Optimal dose at MTD-2,"Optimal dose at MTD-2 (k*=2, MTD=4)",100,SEEDA Plateau (fixed),Allocated,4,False,28.804,0.5699309205317591,27.7655,29.9193
Optimal dose at MTD-2,"Optimal dose at MTD-2 (k*=2, MTD=4)",100,SEEDA Plateau (fixed),Allocated,5,False,1.0,0.0,1.0,1.0
Optimal dose at MTD-2,"Optimal dose at MTD-2 (k*=2, MTD=4)",100,SEEDA Plateau (fixed),Allocated,6,False,1.0,0.0,1.0,1.0
Optimal dose at MTD-2,"Optimal dose at MTD-2 (k*=2, MTD=4)",300,3 + 3,Recommended,1,False,3.316000000000013,0.5319583641847593,2.4213166666666726,4.503066666666706
Optimal dose at MTD-2,"Optimal dose at MTD-2 (k*=2, MTD=4)",300,3 + 3,Recommended,2,True,22.39899999999989,1.321914551267621,19.938858333333332,25.066724999999803
Optimal dose at MTD-2,"Optimal dose at MTD-2 (k*=2, MTD=4)",300,3 + 3,Recommended,3,False,25.118999999999996,1.2865785497530118,22.366074999999945,27.388716666666657
Optimal dose at MTD-2,"Optimal dose at MTD-2 (k*=2, MTD=4)",300,3 + 3,Recommended,4,False,40.035333333333355,1.472589200450651,37.09786666666667,43.069575000000114
Optimal dose at MTD-2,"Optimal dose at MTD-2 (k*=2, MTD=4)",300,3 + 3,Recommended,5,False,9.092999999999977,0.9082948830973925,7.332941666666632,10.961666666666673
Optimal dose at MTD-2,"Optimal dose at MTD-2 (k*=2, MTD=4)",300,3 + 3,Recommended,6,False,0.03766666666666667,0.004200246151644114,0.02999999999999997,0.04634166666666668
Optimal dose at MTD-2,"Optimal dose at MTD-2 (k*=2, MTD=4)",300,3 + 3,Allocated,1,False,3.316000000000013,0.5216213940961302,2.326991666666668,4.412275000000017
Optimal dose at MTD-2,"Optimal dose at MTD-2 (k*=2, MTD=4)",300,3 + 3,Allocated,2,True,22.39899999999989,1.2466966563778028,19.93421666666666,24.975533333333182
Optimal dose at MTD-2,"Optimal dose at MTD-2 (k*=2, MTD=4)",300,3 + 3,Allocated,3,False,25.118999999999996,1.3197158541610967,22.562649999999927,27.588541666666647
Optimal dose at MTD-2,"Optimal dose at MTD-2 (k*=2, MTD=4)",300,3 + 3,Allocated,4,False,40.035333333333355,1.4965101684301434,37.09800833333329,43.0751666666667
Optimal dose at MTD-2,"Optimal dose at MTD-2 (k*=2, MTD=4)",300,3 + 3,Allocated,5,False,9.092999999999977,0.8930501679508577,7.328283333333308,10.853358333333352
Optimal dose at MTD-2,"Optimal dose at MTD-2 (k*=2, MTD=4)",300,3 + 3,Allocated,6,False,0.03766666666666667,0.004150253237486682,0.029666666666666647,0.04600000000000002
Optimal dose at MTD-2,"Optimal dose at MTD-2 (k*=2, MTD=4)",300,CRM,Recommended,1,False,0.001666666666666667,0.0007430004820880319,0.0003333333333333334,0.0033333333333333344
Optimal dose at MTD-2,"Optimal dose at MTD-2 (k*=2, MTD=4)",300,CRM,Recommended,2,True,0.034666666666666644,0.003987799084901543,0.02699999999999998,0.04266666666666668
Optimal dose at MTD-2,"Optimal dose at MTD-2 (k*=2, MTD=4)",300,CRM,Recommended,3,False,0.6163333333333332,0.01582311929824711,0.586991666666665,0.6470083333333353
Optimal dose at MTD-2,"Optimal dose at MTD-2 (k*=2, MTD=4)",300,CRM,Recommended,4,False,14.038333333333338,0.6290305752735417,12.757541666666668,15.289191666666682
Optimal dose at MTD-2,"Optimal dose at MTD-2 (k*=2, MTD=4)",300,CRM,Recommended,5,False,85.26566666666669,0.6328720688610243,83.98120000000011,86.54087500000007
Optimal dose at MTD-2,"Optimal dose at MTD-2 (k*=2, MTD=4)",300,CRM,Recommended,6,False,0.04333333333333334,0.009432964016865377,0.02633333333333333,0.06333333333333334
Optimal dose at MTD-2,"Optimal dose at MTD-2 (k*=2, MTD=4)",300,CRM,Allocated,1,False,0.001666666666666667,0.0007540625152755005,0.0003333333333333334,0.0033333333333333344
Optimal dose at MTD-2,"Optimal dose at MTD-2 (k*=2, MTD=4)",300,CRM,Allocated,2,True,0.034666666666666644,0.003966107048004054,0.02733333333333332,0.043000000000000024
Optimal dose at MTD-2,"Optimal dose at MTD-2 (k*=2, MTD=4)",300,CRM,Allocated,3,False,0.6163333333333332,0.015221796502234227,0.5879916666666654,0.6473333333333329
Optimal dose at MTD-2,"Optimal dose at MTD-2 (k*=2, MTD=4)",300,CRM,Allocated,4,False,14.038333333333338,0.6158997186196213,12.826633333333332,15.277800000000008
Optimal dose at MTD-2,"Optimal dose at MTD-2 (k*=2, MTD=4)",300,CRM,Allocated,5,False,85.26566666666669,0.6188572431479883,84.00047499999998,86.46800833333337
Optimal dose at MTD-2,"Optimal dose at MTD-2 (k*=2, MTD=4)",300,CRM,Allocated,6,False,0.04333333333333334,0.009365256378072477,0.027658333333333333,0.06434166666666669
Optimal dose at MTD-2,"Optimal dose at MTD-2 (k*=2, MTD=4)",300,UCB,Recommended,1,False,0.336666666666665,0.0023131025338753467,0.3336666666666651,0.3423333333333313
Optimal dose at MTD-2,"Optimal dose at MTD-2 (k*=2, MTD=4)",300,UCB,Recommended,2,True,30.135333333333243,0.9721822419684004,28.294891666666583,32.028716666666604
Optimal dose at MTD-2,"Optimal dose at MTD-2 (k*=2, MTD=4)",300,UCB,Recommended,3,False,33.14733333333322,1.0494849820143757,31.073566666666604,35.1968083333333
Optimal dose at MTD-2,"Optimal dose at MTD-2 (k*=2, MTD=4)",300,UCB,Recommended,4,False,33.426666666666584,1.010381179982142,31.498408333333277,35.401708333333275
Optimal dose at MTD-2,"Optimal dose at MTD-2 (k*=2, MTD=4)",300,UCB,Recommended,5,False,2.264333333333328,0.13818744444985837,2.0026583333333194,2.5520500000000026
Optimal dose at MTD-2,"Optimal dose at MTD-2 (k*=2, MTD=4)",300,UCB,Recommended,6,False,0.6896666666666692,0.03283889627489141,0.6266500000000006,0.7520250000000037
Optimal dose at MTD-2,"Optimal dose at MTD-2 (k*=2, MTD=4)",300,UCB,Allocated,1,False,6.040333333333336,0.014228307315432938,6.011666666666679,6.066999999999998
Optimal dose at MTD-2,"Optimal dose at MTD-2 (k*=2, MTD=4)",300,UCB,Allocated,2,True,18.795,0.06421844235805177,18.67132499999999,18.91876666666668
Optimal dose at MTD-2,"Optimal dose at MTD-2 (k*=2, MTD=4)",300,UCB,Allocated,3,False,18.81533333333334,0.06265116008657427,18.698283333333354,18.937341666666676
Optimal dose at MTD-2,"Optimal dose at MTD-2 (k*=2, MTD=4)",300,UCB,Allocated,4,False,18.816666666666674,0.06174774310766322,18.69299166666666,18.938333333333325
Optimal dose at MTD-2,"Optimal dose at MTD-2 (k*=2, MTD=4)",300,UCB,Allocated,5,False,18.775333333333315,0.06218386340058734,18.653625,18.89901666666667
Optimal dose at MTD-2,"Optimal dose at MTD-2 (k*=2, MTD=4)",300,UCB,Allocated,6,False,18.757333333333314,0.06383872142375512,18.63161666666668,18.886716666666658
Optimal dose at MTD-2,"Optimal dose at MTD-2 (k*=2, MTD=4)",300,SEEDA,Recommended,1,False,0.5329999999999977,0.014383574582604435,0.5053166666666628,0.561691666666664
Optimal dose at MTD-2,"Optimal dose at MTD-2 (k*=2, MTD=4)",300,SEEDA,Recommended,2,True,32.111333333333306,0.9986260490729779,30.060291666666647,34.04929166666668
Optimal dose at MTD-2,"Optimal dose at MTD-2 (k*=2, MTD=4)",300,SEEDA,Recommended,3,False,34.25633333333335,1.0172807083341773,32.22054999999998,36.24439166666668
Optimal dose at MTD-2,"Optimal dose at MTD-2 (k*=2, MTD=4)",300,SEEDA,Recommended,4,False,33.09933333333335,0.9986768052041732,31.12045833333332,35.09974166666669
Optimal dose at MTD-2,"Optimal dose at MTD-2 (k*=2, MTD=4)",300,SEEDA,Recommended,5,False,0.0,0.0,0.0,0.0
Optimal dose at MTD-2,"Optimal dose at MTD-2 (k*=2, MTD=4)",300,SEEDA,Recommended,6,False,0.0,0.0,0.0,0.0
Optimal dose at MTD-2,"Optimal dose at MTD-2 (k*=2, MTD=4)",300,SEEDA,Allocated,1,False,1.9423333333333368,0.013861175116853029,1.9166583333333354,1.9710000000000032
Optimal dose at MTD-2,"Optimal dose at MTD-2 (k*=2, MTD=4)",300,SEEDA,Allocated,2,True,32.400999999999996,0.32028941875277095,31.784966666666623,33.02039166666662
Optimal dose at MTD-2,"Optimal dose at MTD-2 (k*=2, MTD=4)",300,SEEDA,Allocated,3,False,32.68833333333334,0.32577279898949757,32.0146416666667,33.28267499999997
Optimal dose at MTD-2,"Optimal dose at MTD-2 (k*=2, MTD=4)",300,SEEDA,Allocated,4,False,32.30166666666667,0.32221542976583156,31.723016666666624,32.960066666666656
Optimal dose at MTD-2,"Optimal dose at MTD-2 (k*=2, MTD=4)",300,SEEDA,Allocated,5,False,0.3333333333333318,7.220060593319288e-16,0.3333333333333318,0.3333333333333318
Optimal dose at MTD-2,"Optimal dose at MTD-2 (k*=2, MTD=4)",300,SEEDA,Allocated,6,False,0.3333333333333318,7.220060593319288e-16,0.3333333333333318,0.3333333333333318
Optimal dose at MTD-2,"Optimal dose at MTD-2 (k*=2, MTD=4)",300,SEEDA Plateau,Recommended,1,False,0.5029999999999938,0.018007680213113914,0.4666499999999947,0.5393333333333286
Optimal dose at MTD-2,"Optimal dose at MTD-2 (k*=2, MTD=4)",300,SEEDA Plateau,Recommended,2,True,0.7246666666666699,0.035277087885872235,0.6609916666666693,0.7933666666666698
Optimal dose at MTD-2,"Optimal dose at MTD-2 (k*=2, MTD=4)",300,SEEDA Plateau,Recommended,3,False,95.80166666666618,0.3323241082931487,95.14756666666615,96.41711666666609
Optimal dose at MTD-2,"Optimal dose at MTD-2 (k*=2, MTD=4)",300,SEEDA Plateau,Recommended,4,False,2.9706666666666677,0.3318589385015821,2.389091666666667,3.624333333333332
Optimal dose at MTD-2,"Optimal dose at MTD-2 (k*=2, MTD=4)",300,SEEDA Plateau,Recommended,5,False,0.0,0.0,0.0,0.0
Optimal dose at MTD-2,"Optimal dose at MTD-2 (k*=2, MTD=4)",300,SEEDA Plateau,Recommended,6,False,0.0,0.0,0.0,0.0
Optimal dose at MTD-2,"Optimal dose at MTD-2 (k*=2, MTD=4)",300,SEEDA Plateau,Allocated,1,False,1.0353333333333359,0.02418341381455328,0.9893250000000036,1.0866750000000032
Optimal dose at MTD-2,"Optimal dose at MTD-2 (k*=2, MTD=4)",300,SEEDA Plateau,Allocated,2,True,14.99366666666669,0.5533994029178356,13.906458333333356,16.12271666666669
Optimal dose at MTD-2,"Optimal dose at MTD-2 (k*=2, MTD=4)",300,SEEDA Plateau,Allocated,3,False,15.941666666666714,0.5475409788024198,14.836333333333378,16.995083333333383
Optimal dose at MTD-2,"Optimal dose at MTD-2 (k*=2, MTD=4)",300,SEEDA Plateau,Allocated,4,False,67.36266666666675,1.0408957211898238,65.33989166666674,69.41481666666672
Optimal dose at MTD-2,"Optimal dose at MTD-2 (k*=2, MTD=4)",300,SEEDA Plateau,Allocated,5,False,0.3333333333333318,7.220060593319288e-16,0.3333333333333318,0.3333333333333318
Optimal dose at MTD-2,"Optimal dose at MTD-2 (k*=2, MTD=4)",300,SEEDA Plateau,Allocated,6,False,0.3333333333333318,7.220060593319288e-16,0.3333333333333318,0.3333333333333318
Optimal dose at MTD-2,"Optimal dose at MTD-2 (k*=2, MTD=4)",300,SEEDA Plateau (ours),Recommended,1,False,7.865333333333357,0.5583411533210995,6.749925000000027,8.986341666666666
Optimal dose at MTD-2,"Optimal dose at MTD-2 (k*=2, MTD=4)",300,SEEDA Plateau (ours),Recommended,2,True,72.41866666666671,0.989013712682931,70.5449416666667,74.26136666666652
Optimal dose at MTD-2,"Optimal dose at MTD-2 (k*=2, MTD=4)",300,SEEDA Plateau (ours),Recommended,3,False,11.935000000000002,0.6884842035988632,10.641316666666672,13.318708333333342
Optimal dose at MTD-2,"Optimal dose at MTD-2 (k*=2, MTD=4)",300,SEEDA Plateau (ours),Recommended,4,False,7.771999999999995,0.5636723160571421,6.672249999999995,8.932433333333327
Optimal dose at MTD-2,"Optimal dose at MTD-2 (k*=2, MTD=4)",300,SEEDA Plateau (ours),Recommended,5,False,0.009000000000000001,0.004045005351110523,0.002333333333333334,0.018333333333333337
Optimal dose at MTD-2,"Optimal dose at MTD-2 (k*=2, MTD=4)",300,SEEDA Plateau (ours),Recommended,6,False,0.0,0.0,0.0,0.0
Optimal dose at MTD-2,"Optimal dose at MTD-2 (k*=2, MTD=4)",300,SEEDA Plateau (ours),Allocated,1,False,1.4603333333333341,0.020689127945040117,1.4180000000000008,1.5003416666666676
Optimal dose at MTD-2,"Optimal dose at MTD-2 (k*=2, MTD=4)",300,SEEDA Plateau (ours),Allocated,2,True,31.777333333333335,0.6082181857423274,30.57662500000002,32.90956666666666
Optimal dose at MTD-2,"Optimal dose at MTD-2 (k*=2, MTD=4)",300,SEEDA Plateau (ours),Allocated,3,False,36.92299999999998,0.2833491229577502,36.372258333333306,37.479625000000006
Optimal dose at MTD-2,"Optimal dose at MTD-2 (k*=2, MTD=4)",300,SEEDA Plateau (ours),Allocated,4,False,29.113000000000003,0.6010560820685279,27.99181666666665,30.30538333333333
Optimal dose at MTD-2,"Optimal dose at MTD-2 (k*=2, MTD=4)",300,SEEDA Plateau (ours),Allocated,5,False,0.3929999999999964,0.015559962049263276,0.36599166666666316,0.4263333333333288
Optimal dose at MTD-2,"Optimal dose at MTD-2 (k*=2, MTD=4)",300,SEEDA Plateau (ours),Allocated,6,False,0.3333333333333318,7.220060593319288e-16,0.3333333333333318,0.3333333333333318
Optimal dose at MTD-2,"Optimal dose at MTD-2 (k*=2, MTD=4)",300,SEEDA Plateau (fixed),Recommended,1,False,33.95333333333334,1.1593618553840797,31.615983333333304,36.09844166666665
Optimal dose at MTD-2,"Optimal dose at MTD-2 (k*=2, MTD=4)",300,SEEDA Plateau (fixed),Recommended,2,True,61.77433333333351,1.209554520807154,59.36355833333347,64.19611666666684
Optimal dose at MTD-2,"Optimal dose at MTD-2 (k*=2, MTD=4)",300,SEEDA Plateau (fixed),Recommended,3,False,2.0199999999999774,0.2504488129983208,1.5726416666666465,2.548899999999991
Optimal dose at MTD-2,"Optimal dose at MTD-2 (k*=2, MTD=4)",300,SEEDA Plateau (fixed),Recommended,4,False,2.252333333333333,0.15967161316640577,1.9609833333333333,2.5826833333333337
Optimal dose at MTD-2,"Optimal dose at MTD-2 (k*=2, MTD=4)",300,SEEDA Plateau (fixed),Recommended,5,False,0.0,0.0,0.0,0.0
Optimal dose at MTD-2,"Optimal dose at MTD-2 (k*=2, MTD=4)",300,SEEDA Plateau (fixed),Recommended,6,False,0.0,0.0,0.0,0.0
Optimal dose at MTD-2,"Optimal dose at MTD-2 (k*=2, MTD=4)",300,SEEDA Plateau (fixed),Allocated,1,False,1.4629999999999999,0.022694432284178164,1.4196500000000023,1.5076833333333353
Optimal dose at MTD-2,"Optimal dose at MTD-2 (k*=2, MTD=4)",300,SEEDA Plateau (fixed),Allocated,2,True,31.202333333333293,0.5593854566210935,30.11613333333332,32.28597499999998
Optimal dose at MTD-2,"Optimal dose at MTD-2 (k*=2, MTD=4)",300,SEEDA Plateau (fixed),Allocated,3,False,36.59166666666671,0.23843392991430465,36.115666666666684,37.04281666666669
Optimal dose at MTD-2,"Optimal dose at MTD-2 (k*=2, MTD=4)",300,SEEDA Plateau (fixed),Allocated,4,False,30.07633333333339,0.5716481851414081,29.001325000000055,31.19606666666668
Optimal dose at MTD-2,"Optimal dose at MTD-2 (k*=2, MTD=4)",300,SEEDA Plateau (fixed),Allocated,5,False,0.3333333333333318,7.220060593319288e-16,0.3333333333333318,0.3333333333333318
Optimal dose at MTD-2,"Optimal dose at MTD-2 (k*=2, MTD=4)",300,SEEDA Plateau (fixed),Allocated,6,False,0.3333333333333318,7.220060593319288e-16,0.3333333333333318,0.3333333333333318
Optimal dose at MTD-3,"Optimal dose at MTD-3 (k*=1, MTD=4)",100,3 + 3,Recommended,1,True,4.146,0.5582745052025558,3.069,5.223025
Optimal dose at MTD-3,"Optimal dose at MTD-3 (k*=1, MTD=4)",100,3 + 3,Recommended,2,False,22.298,1.2935888284521073,19.8969,24.97605
Optimal dose at MTD-3,"Optimal dose at MTD-3 (k*=1, MTD=4)",100,3 + 3,Recommended,3,False,24.495,1.3405926917453928,21.8999,27.081075
Optimal dose at MTD-3,"Optimal dose at MTD-3 (k*=1, MTD=4)",100,3 + 3,Recommended,4,False,38.916,1.5010544935119754,36.058924999999995,41.94815
Optimal dose at MTD-3,"Optimal dose at MTD-3 (k*=1, MTD=4)",100,3 + 3,Recommended,5,False,10.024,0.8802449591813424,8.259875,11.720275
Optimal dose at MTD-3,"Optimal dose at MTD-3 (k*=1, MTD=4)",100,3 + 3,Recommended,6,False,0.121,0.01204364896866729,0.099,0.146
Optimal dose at MTD-3,"Optimal dose at MTD-3 (k*=1, MTD=4)",100,3 + 3,Allocated,1,True,4.146,0.5510022267149611,3.067975,5.221025
Optimal dose at MTD-3,"Optimal dose at MTD-3 (k*=1, MTD=4)",100,3 + 3,Allocated,2,False,22.298,1.2676927174425412,19.8185,24.899175
Optimal dose at MTD-3,"Optimal dose at MTD-3 (k*=1, MTD=4)",100,3 + 3,Allocated,3,False,24.495,1.247727944781308,22.022975,26.90115
Optimal dose at MTD-3,"Optimal dose at MTD-3 (k*=1, MTD=4)",100,3 + 3,Allocated,4,False,38.916,1.4228763213803732,36.09445,41.732375
Optimal dose at MTD-3,"Optimal dose at MTD-3 (k*=1, MTD=4)",100,3 + 3,Allocated,5,False,10.024,0.8969367239475511,8.324874999999999,11.817549999999999
Optimal dose at MTD-3,"Optimal dose at MTD-3 (k*=1, MTD=4)",100,3 + 3,Allocated,6,False,0.121,0.012547432488842568,0.097,0.146
Optimal dose at MTD-3,"Optimal dose at MTD-3 (k*=1, MTD=4)",100,CRM,Recommended,1,True,0.002,0.0013907944885242132,0.0,0.005
Optimal dose at MTD-3,"Optimal dose at MTD-3 (k*=1, MTD=4)",100,CRM,Recommended,2,False,0.089,0.01202839000723563,0.067,0.113
Optimal dose at MTD-3,"Optimal dose at MTD-3 (k*=1, MTD=4)",100,CRM,Recommended,3,False,1.806,0.043730167751468464,1.726,1.8920249999999998
Optimal dose at MTD-3,"Optimal dose at MTD-3 (k*=1, MTD=4)",100,CRM,Recommended,4,False,25.761,0.8362323256239365,24.239275,27.381124999999997
Optimal dose at MTD-3,"Optimal dose at MTD-3 (k*=1, MTD=4)",100,CRM,Recommended,5,False,72.147,0.845623834093971,70.5259,73.72055
Optimal dose at MTD-3,"Optimal dose at MTD-3 (k*=1, MTD=4)",100,CRM,Recommended,6,False,0.195,0.037969037699470645,0.125975,0.27
Optimal dose at MTD-3,"Optimal dose at MTD-3 (k*=1, MTD=4)",100,CRM,Allocated,1,True,0.002,0.0013604417671483828,0.0,0.005
Optimal dose at MTD-3,"Optimal dose at MTD-3 (k*=1, MTD=4)",100,CRM,Allocated,2,False,0.089,0.011557470576476771,0.068,0.113
Optimal dose at MTD-3,"Optimal dose at MTD-3 (k*=1, MTD=4)",100,CRM,Allocated,3,False,1.806,0.04337635337406814,1.7189750000000001,1.892
Optimal dose at MTD-3,"Optimal dose at MTD-3 (k*=1, MTD=4)",100,CRM,Allocated,4,False,25.761,0.868395148843276,24.016199999999998,27.349125
Optimal dose at MTD-3,"Optimal dose at MTD-3 (k*=1, MTD=4)",100,CRM,Allocated,5,False,72.147,0.8771275182972851,70.5596,73.877
Optimal dose at MTD-3,"Optimal dose at MTD-3 (k*=1, MTD=4)",100,CRM,Allocated,6,False,0.195,0.03765240356862354,0.128,0.27204999999999996
Optimal dose at MTD-3,"Optimal dose at MTD-3 (k*=1, MTD=4)",100,UCB,Recommended,1,True,21.629,0.893385265872053,19.90815,23.435299999999998
Optimal dose at MTD-3,"Optimal dose at MTD-3 (k*=1, MTD=4)",100,UCB,Recommended,2,False,22.624,0.8455232804653038,20.928575,24.2705
Optimal dose at MTD-3,"Optimal dose at MTD-3 (k*=1, MTD=4)",100,UCB,Recommended,3,False,23.536,0.8933692112820243,21.872600000000002,25.333
Optimal dose at MTD-3,"Optimal dose at MTD-3 (k*=1, MTD=4)",100,UCB,Recommended,4,False,24.967,0.8813878212015198,23.206775,26.645075
Optimal dose at MTD-3,"Optimal dose at MTD-3 (k*=1, MTD=4)",100,UCB,Recommended,5,False,5.398,0.33155266146771667,4.779,6.0371999999999995
Optimal dose at MTD-3,"Optimal dose at MTD-3 (k*=1, MTD=4)",100,UCB,Recommended,6,False,1.846,0.0777966298216807,1.691975,2.001
Optimal dose at MTD-3,"Optimal dose at MTD-3 (k*=1, MTD=4)",100,UCB,Allocated,1,True,16.67,0.06444556421311513,16.535,16.798
Optimal dose at MTD-3,"Optimal dose at MTD-3 (k*=1, MTD=4)",100,UCB,Allocated,2,False,16.712,0.06148881311375374,16.596,16.834075
Optimal dose at MTD-3,"Optimal dose at MTD-3 (k*=1, MTD=4)",100,UCB,Allocated,3,False,16.709,0.06068900410469118,16.5839,16.82205
Optimal dose at MTD-3,"Optimal dose at MTD-3 (k*=1, MTD=4)",100,UCB,Allocated,4,False,16.689,0.0646733633184708,16.562974999999998,16.808025
Optimal dose at MTD-3,"Optimal dose at MTD-3 (k*=1, MTD=4)",100,UCB,Allocated,5,False,16.659,0.0601714467418144,16.543,16.77505
Optimal dose at MTD-3,"Optimal dose at MTD-3 (k*=1, MTD=4)",100,UCB,Allocated,6,False,16.561,0.061080174678358114,16.44495,16.684075
Optimal dose at MTD-3,"Optimal dose at MTD-3 (k*=1, MTD=4)",100,SEEDA,Recommended,1,True,24.18,0.8468904092763857,22.522675,25.918499999999998
Optimal dose at MTD-3,"Optimal dose at MTD-3 (k*=1, MTD=4)",100,SEEDA,Recommended,2,False,24.618,0.9106053674596075,22.944875,26.41825
Optimal dose at MTD-3,"Optimal dose at MTD-3 (k*=1, MTD=4)",100,SEEDA,Recommended,3,False,26.579,0.9490767326958044,24.783974999999998,28.4046
Optimal dose at MTD-3,"Optimal dose at MTD-3 (k*=1, MTD=4)",100,SEEDA,Recommended,4,False,24.623,0.8795927863994143,22.91065,26.316875
Optimal dose at MTD-3,"Optimal dose at MTD-3 (k*=1, MTD=4)",100,SEEDA,Recommended,5,False,0.0,0.0,0.0,0.0
Optimal dose at MTD-3,"Optimal dose at MTD-3 (k*=1, MTD=4)",100,SEEDA,Recommended,6,False,0.0,0.0,0.0,0.0
Optimal dose at MTD-3,"Optimal dose at MTD-3 (k*=1, MTD=4)",100,SEEDA,Allocated,1,True,24.604,0.27599641458697405,24.029975,25.109175
Optimal dose at MTD-3,"Optimal dose at MTD-3 (k*=1, MTD=4)",100,SEEDA,Allocated,2,False,24.447,0.27759111467398573,23.93895,25.0041
Optimal dose at MTD-3,"Optimal dose at MTD-3 (k*=1, MTD=4)",100,SEEDA,Allocated,3,False,24.791,0.29000243168874523,24.191775,25.3721
Optimal dose at MTD-3,"Optimal dose at MTD-3 (k*=1, MTD=4)",100,SEEDA,Allocated,4,False,24.158,0.2618795240967517,23.625,24.637175
Optimal dose at MTD-3,"Optimal dose at MTD-3 (k*=1, MTD=4)",100,SEEDA,Allocated,5,False,1.0,0.0,1.0,1.0
Optimal dose at MTD-3,"Optimal dose at MTD-3 (k*=1, MTD=4)",100,SEEDA,Allocated,6,False,1.0,0.0,1.0,1.0
Optimal dose at MTD-3,"Optimal dose at MTD-3 (k*=1, MTD=4)",100,SEEDA Plateau,Recommended,1,True,1.758,0.07721375232138078,1.609925,1.9100499999999998
Optimal dose at MTD-3,"Optimal dose at MTD-3 (k*=1, MTD=4)",100,SEEDA Plateau,Recommended,2,False,2.363,0.13064641382159886,2.126975,2.6310499999999997
Optimal dose at MTD-3,"Optimal dose at MTD-3 (k*=1, MTD=4)",100,SEEDA Plateau,Recommended,3,False,90.282,0.3904449872120772,89.518625,91.025025
Optimal dose at MTD-3,"Optimal dose at MTD-3 (k*=1, MTD=4)",100,SEEDA Plateau,Recommended,4,False,5.597,0.35405394517798605,4.931,6.2591
Optimal dose at MTD-3,"Optimal dose at MTD-3 (k*=1, MTD=4)",100,SEEDA Plateau,Recommended,5,False,0.0,0.0,0.0,0.0
Optimal dose at MTD-3,"Optimal dose at MTD-3 (k*=1, MTD=4)",100,SEEDA Plateau,Recommended,6,False,0.0,0.0,0.0,0.0
Optimal dose at MTD-3,"Optimal dose at MTD-3 (k*=1, MTD=4)",100,SEEDA Plateau,Allocated,1,True,14.434,0.44937002749695354,13.53985,15.28005
Optimal dose at MTD-3,"Optimal dose at MTD-3 (k*=1, MTD=4)",100,SEEDA Plateau,Allocated,2,False,15.49,0.4107004563728469,14.716975,16.26615
Optimal dose at MTD-3,"Optimal dose at MTD-3 (k*=1, MTD=4)",100,SEEDA Plateau,Allocated,3,False,16.024,0.4189677056939045,15.23795,16.868174999999997
Optimal dose at MTD-3,"Optimal dose at MTD-3 (k*=1, MTD=4)",100,SEEDA Plateau,Allocated,4,False,52.052,1.0132284932524054,50.04885,54.0165
Optimal dose at MTD-3,"Optimal dose at MTD-3 (k*=1, MTD=4)",100,SEEDA Plateau,Allocated,5,False,1.0,0.0,1.0,1.0
Optimal dose at MTD-3,"Optimal dose at MTD-3 (k*=1, MTD=4)",100,SEEDA Plateau,Allocated,6,False,1.0,0.0,1.0,1.0
Optimal dose at MTD-3,"Optimal dose at MTD-3 (k*=1, MTD=4)",100,SEEDA Plateau (ours),Recommended,1,True,72.206,0.9808976865251696,70.181875,74.097325
Optimal dose at MTD-3,"Optimal dose at MTD-3 (k*=1, MTD=4)",100,SEEDA Plateau (ours),Recommended,2,False,13.718,0.6091200196326814,12.588825,14.922525
Optimal dose at MTD-3,"Optimal dose at MTD-3 (k*=1, MTD=4)",100,SEEDA Plateau (ours),Recommended,3,False,8.229,0.5794397092153902,7.114675,9.425
Optimal dose at MTD-3,"Optimal dose at MTD-3 (k*=1, MTD=4)",100,SEEDA Plateau (ours),Recommended,4,False,5.815,0.4708831865116221,4.932025,6.771199999999999
Optimal dose at MTD-3,"Optimal dose at MTD-3 (k*=1, MTD=4)",100,SEEDA Plateau (ours),Recommended,5,False,0.032,0.022918509748434547,0.002,0.08302499999999999
Optimal dose at MTD-3,"Optimal dose at MTD-3 (k*=1, MTD=4)",100,SEEDA Plateau (ours),Recommended,6,False,0.0,0.0,0.0,0.0
Optimal dose at MTD-3,"Optimal dose at MTD-3 (k*=1, MTD=4)",100,SEEDA Plateau (ours),Allocated,1,True,25.18,0.5967252722573015,24.086949999999998,26.37805
Optimal dose at MTD-3,"Optimal dose at MTD-3 (k*=1, MTD=4)",100,SEEDA Plateau (ours),Allocated,2,False,28.975,0.37615286179881613,28.285500000000003,29.75805
Optimal dose at MTD-3,"Optimal dose at MTD-3 (k*=1, MTD=4)",100,SEEDA Plateau (ours),Allocated,3,False,25.437,0.3991879986388082,24.58765,26.198075
Optimal dose at MTD-3,"Optimal dose at MTD-3 (k*=1, MTD=4)",100,SEEDA Plateau (ours),Allocated,4,False,18.306,0.5274582774878884,17.185775,19.2944
Optimal dose at MTD-3,"Optimal dose at MTD-3 (k*=1, MTD=4)",100,SEEDA Plateau (ours),Allocated,5,False,1.102,0.032608149325013845,1.044,1.175
Optimal dose at MTD-3,"Optimal dose at MTD-3 (k*=1, MTD=4)",100,SEEDA Plateau (ours),Allocated,6,False,1.0,0.0,1.0,1.0
Optimal dose at MTD-3,"Optimal dose at MTD-3 (k*=1, MTD=4)",100,SEEDA Plateau (fixed),Recommended,1,True,89.308,0.4606814217518953,88.33775,90.16005
Optimal dose at MTD-3,"Optimal dose at MTD-3 (k*=1, MTD=4)",100,SEEDA Plateau (fixed),Recommended,2,False,2.788,0.26023558539120667,2.309,3.343025
Optimal dose at MTD-3,"Optimal dose at MTD-3 (k*=1, MTD=4)",100,SEEDA Plateau (fixed),Recommended,3,False,3.156,0.283711764148257,2.65,3.754
Optimal dose at MTD-3,"Optimal dose at MTD-3 (k*=1, MTD=4)",100,SEEDA Plateau (fixed),Recommended,4,False,4.748,0.2730664521160942,4.26275,5.311025
Optimal dose at MTD-3,"Optimal dose at MTD-3 (k*=1, MTD=4)",100,SEEDA Plateau (fixed),Recommended,5,False,0.0,0.0,0.0,0.0
Optimal dose at MTD-3,"Optimal dose at MTD-3 (k*=1, MTD=4)",100,SEEDA Plateau (fixed),Recommended,6,False,0.0,0.0,0.0,0.0
Optimal dose at MTD-3,"Optimal dose at MTD-3 (k*=1, MTD=4)",100,SEEDA Plateau (fixed),Allocated,1,True,22.994,0.6110578589839313,21.78755,24.176724999999998
Optimal dose at MTD-3,"Optimal dose at MTD-3 (k*=1, MTD=4)",100,SEEDA Plateau (fixed),Allocated,2,False,26.589,0.38768511536125877,25.85185,27.3543
Optimal dose at MTD-3,"Optimal dose at MTD-3 (k*=1, MTD=4)",100,SEEDA Plateau (fixed),Allocated,3,False,26.104,0.38892265049372876,25.367974999999998,26.86605
Optimal dose at MTD-3,"Optimal dose at MTD-3 (k*=1, MTD=4)",100,SEEDA Plateau (fixed),Allocated,4,False,22.313,0.6052603234668233,21.10955,23.43025
Optimal dose at MTD-3,"Optimal dose at MTD-3 (k*=1, MTD=4)",100,SEEDA Plateau (fixed),Allocated,5,False,1.0,0.0,1.0,1.0
Optimal dose at MTD-3,"Optimal dose at MTD-3 (k*=1, MTD=4)",100,SEEDA Plateau (fixed),Allocated,6,False,1.0,0.0,1.0,1.0
Optimal dose at MTD-3,"Optimal dose at MTD-3 (k*=1, MTD=4)",300,3 + 3,Recommended,1,True,3.712333333333397,0.5801891911626652,2.62100000000004,4.802700000000016
Optimal dose at MTD-3,"Optimal dose at MTD-3 (k*=1, MTD=4)",300,3 + 3,Recommended,2,False,21.611999999999945,1.2922942265625466,19.043308333333353,23.976824999999845
Optimal dose at MTD-3,"Optimal dose at MTD-3 (k*=1, MTD=4)",300,3 + 3,Recommended,3,False,27.868333333333243,1.3740654664590923,25.208874999999903,30.715733333333276
Optimal dose at MTD-3,"Optimal dose at MTD-3 (k*=1, MTD=4)",300,3 + 3,Recommended,4,False,37.48699999999997,1.4868885943046135,34.53997499999997,40.435716666666686
Optimal dose at MTD-3,"Optimal dose at MTD-3 (k*=1, MTD=4)",300,3 + 3,Recommended,5,False,9.282666666666657,0.8738720505662042,7.713608333333309,11.044408333333347
Optimal dose at MTD-3,"Optimal dose at MTD-3 (k*=1, MTD=4)",300,3 + 3,Recommended,6,False,0.03766666666666667,0.003934432640756379,0.03066666666666664,0.04566666666666669
Optimal dose at MTD-3,"Optimal dose at MTD-3 (k*=1, MTD=4)",300,3 + 3,Allocated,1,True,3.712333333333397,0.556467531447452,2.7203166666666942,4.804666666666673
Optimal dose at MTD-3,"Optimal dose at MTD-3 (k*=1, MTD=4)",300,3 + 3,Allocated,2,False,21.611999999999945,1.2655372840866062,19.044208333333362,24.08001666666651
Optimal dose at MTD-3,"Optimal dose at MTD-3 (k*=1, MTD=4)",300,3 + 3,Allocated,3,False,27.868333333333243,1.421160963015376,25.215224999999954,30.626683333333297
Optimal dose at MTD-3,"Optimal dose at MTD-3 (k*=1, MTD=4)",300,3 + 3,Allocated,4,False,37.48699999999997,1.5472464751743107,34.53368333333329,40.41893333333325
Optimal dose at MTD-3,"Optimal dose at MTD-3 (k*=1, MTD=4)",300,3 + 3,Allocated,5,False,9.282666666666657,0.9066093596729052,7.5305249999999715,11.05806666666668
Optimal dose at MTD-3,"Optimal dose at MTD-3 (k*=1, MTD=4)",300,3 + 3,Allocated,6,False,0.03766666666666667,0.004086065948431946,0.029991666666666635,0.04600000000000002
Optimal dose at MTD-3,"Optimal dose at MTD-3 (k*=1, MTD=4)",300,CRM,Recommended,1,True,0.0020000000000000005,0.0008187002864589332,0.0006666666666666668,0.003666666666666668
Optimal dose at MTD-3,"Optimal dose at MTD-3 (k*=1, MTD=4)",300,CRM,Recommended,2,False,0.03833333333333335,0.005114592875538073,0.028666666666666646,0.04933333333333335
Optimal dose at MTD-3,"Optimal dose at MTD-3 (k*=1, MTD=4)",300,CRM,Recommended,3,False,0.6179999999999995,0.01651346430283697,0.5873333333333326,0.652000000000001
Optimal dose at MTD-3,"Optimal dose at MTD-3 (k*=1, MTD=4)",300,CRM,Recommended,4,False,13.642666666666669,0.6015319251555281,12.508725000000009,14.816375000000008
Optimal dose at MTD-3,"Optimal dose at MTD-3 (k*=1, MTD=4)",300,CRM,Recommended,5,False,85.62966666666674,0.6057699743003747,84.44724166666666,86.76480833333328
Optimal dose at MTD-3,"Optimal dose at MTD-3 (k*=1, MTD=4)",300,CRM,Recommended,6,False,0.06933333333333333,0.013095845335599472,0.044325,0.09434999999999998
Optimal dose at MTD-3,"Optimal dose at MTD-3 (k*=1, MTD=4)",300,CRM,Allocated,1,True,0.0020000000000000005,0.000795151585436137,0.0006666666666666668,0.003666666666666668
Optimal dose at MTD-3,"Optimal dose at MTD-3 (k*=1, MTD=4)",300,CRM,Allocated,2,False,0.03833333333333335,0.004986717046560612,0.028666666666666646,0.04800000000000003
Optimal dose at MTD-3,"Optimal dose at MTD-3 (k*=1, MTD=4)",300,CRM,Allocated,3,False,0.6179999999999995,0.016640104796641512,0.5852999999999986,0.6516666666666665
Optimal dose at MTD-3,"Optimal dose at MTD-3 (k*=1, MTD=4)",300,CRM,Allocated,4,False,13.642666666666669,0.6029520457515939,12.474325000000002,14.87490000000001
Optimal dose at MTD-3,"Optimal dose at MTD-3 (k*=1, MTD=4)",300,CRM,Allocated,5,False,85.62966666666674,0.6066372597410512,84.4093666666666,86.80269166666675
Optimal dose at MTD-3,"Optimal dose at MTD-3 (k*=1, MTD=4)",300,CRM,Allocated,6,False,0.06933333333333333,0.013059827559108561,0.04465000000000001,0.09700833333333328
Optimal dose at MTD-3,"Optimal dose at MTD-3 (k*=1, MTD=4)",300,UCB,Recommended,1,True,23.683333333333245,0.9108844965337617,21.87261666666665,25.44067499999992
Optimal dose at MTD-3,"Optimal dose at MTD-3 (k*=1, MTD=4)",300,UCB,Recommended,2,False,24.745666666666587,0.919273847993523,22.911899999999985,26.623858333333214
Optimal dose at MTD-3,"Optimal dose at MTD-3 (k*=1, MTD=4)",300,UCB,Recommended,3,False,23.517999999999983,0.9566540675153478,21.647191666666643,25.41945833333329
Optimal dose at MTD-3,"Optimal dose at MTD-3 (k*=1, MTD=4)",300,UCB,Recommended,4,False,25.437333333333285,0.9191814177908648,23.712866666666635,27.259533333333252
Optimal dose at MTD-3,"Optimal dose at MTD-3 (k*=1, MTD=4)",300,UCB,Recommended,5,False,1.9663333333333175,0.1392794847096021,1.692333333333323,2.232341666666659
Optimal dose at MTD-3,"Optimal dose at MTD-3 (k*=1, MTD=4)",300,UCB,Recommended,6,False,0.6493333333333353,0.029875988515879904,0.5963166666666655,0.71266666666667
Optimal dose at MTD-3,"Optimal dose at MTD-3 (k*=1, MTD=4)",300,UCB,Allocated,1,True,16.674666666666646,0.05868865241187508,16.565300000000008,16.780683333333357
Optimal dose at MTD-3,"Optimal dose at MTD-3 (k*=1, MTD=4)",300,UCB,Allocated,2,False,16.715333333333334,0.05651157992639054,16.60965833333334,16.83233333333331
Optimal dose at MTD-3,"Optimal dose at MTD-3 (k*=1, MTD=4)",300,UCB,Allocated,3,False,16.543000000000003,0.057395787603769115,16.432333333333347,16.65374166666666
Optimal dose at MTD-3,"Optimal dose at MTD-3 (k*=1, MTD=4)",300,UCB,Allocated,4,False,16.72566666666667,0.05912237931295203,16.61199166666668,16.8433416666667
Optimal dose at MTD-3,"Optimal dose at MTD-3 (k*=1, MTD=4)",300,UCB,Allocated,5,False,16.721000000000014,0.058874006345574825,16.607608333333346,16.83634166666665
Optimal dose at MTD-3,"Optimal dose at MTD-3 (k*=1, MTD=4)",300,UCB,Allocated,6,False,16.62033333333332,0.0554319557008754,16.51332500000002,16.729333333333344
Optimal dose at MTD-3,"Optimal dose at MTD-3 (k*=1, MTD=4)",300,SEEDA,Recommended,1,True,24.43166666666669,0.9023086172247596,22.739508333333333,26.22622500000002
Optimal dose at MTD-3,"Optimal dose at MTD-3 (k*=1, MTD=4)",300,SEEDA,Recommended,2,False,24.442333333333305,0.91958167280488,22.70879999999998,26.291266666666665
Optimal dose at MTD-3,"Optimal dose at MTD-3 (k*=1, MTD=4)",300,SEEDA,Recommended,3,False,26.4946666666667,0.9397084195671352,24.682108333333353,28.42416666666665
Optimal dose at MTD-3,"Optimal dose at MTD-3 (k*=1, MTD=4)",300,SEEDA,Recommended,4,False,24.63133333333332,0.918448183342385,22.719550000000012,26.445858333333334
Optimal dose at MTD-3,"Optimal dose at MTD-3 (k*=1, MTD=4)",300,SEEDA,Recommended,5,False,0.0,0.0,0.0,0.0
Optimal dose at MTD-3,"Optimal dose at MTD-3 (k*=1, MTD=4)",300,SEEDA,Recommended,6,False,0.0,0.0,0.0,0.0
Optimal dose at MTD-3,"Optimal dose at MTD-3 (k*=1, MTD=4)",300,SEEDA,Allocated,1,True,24.65633333333332,0.2572542899820297,24.150933333333302,25.159191666666636
Optimal dose at MTD-3,"Optimal dose at MTD-3 (k*=1, MTD=4)",300,SEEDA,Allocated,2,False,24.665000000000006,0.2582639720323312,24.17229999999999,25.143066666666652
Optimal dose at MTD-3,"Optimal dose at MTD-3 (k*=1, MTD=4)",300,SEEDA,Allocated,3,False,25.29799999999999,0.2495575659672724,24.833200000000026,25.766008333333286
Optimal dose at MTD-3,"Optimal dose at MTD-3 (k*=1, MTD=4)",300,SEEDA,Allocated,4,False,24.714000000000002,0.255801832446818,24.204974999999965,25.187375000000035
Optimal dose at MTD-3,"Optimal dose at MTD-3 (k*=1, MTD=4)",300,SEEDA,Allocated,5,False,0.3333333333333318,7.220060593319288e-16,0.3333333333333318,0.3333333333333318
Optimal dose at MTD-3,"Optimal dose at MTD-3 (k*=1, MTD=4)",300,SEEDA,Allocated,6,False,0.3333333333333318,7.220060593319288e-16,0.3333333333333318,0.3333333333333318
Optimal dose at MTD-3,"Optimal dose at MTD-3 (k*=1, MTD=4)",300,SEEDA Plateau,Recommended,1,True,0.5793333333333321,0.023995947633636674,0.5339666666666627,0.6263583333333343
Optimal dose at MTD-3,"Optimal dose at MTD-3 (k*=1, MTD=4)",300,SEEDA Plateau,Recommended,2,False,0.7236666666666708,0.03794851595366267,0.6496583333333346,0.7990000000000061
Optimal dose at MTD-3,"Optimal dose at MTD-3 (k*=1, MTD=4)",300,SEEDA Plateau,Recommended,3,False,96.07799999999946,0.2619729695409382,95.54275833333294,96.56266666666613
Optimal dose at MTD-3,"Optimal dose at MTD-3 (k*=1, MTD=4)",300,SEEDA Plateau,Recommended,4,False,2.6189999999999993,0.25839841046935386,2.140358333333334,3.173683333333334
Optimal dose at MTD-3,"Optimal dose at MTD-3 (k*=1, MTD=4)",300,SEEDA Plateau,Recommended,5,False,0.0,0.0,0.0,0.0
Optimal dose at MTD-3,"Optimal dose at MTD-3 (k*=1, MTD=4)",300,SEEDA Plateau,Recommended,6,False,0.0,0.0,0.0,0.0
Optimal dose at MTD-3,"Optimal dose at MTD-3 (k*=1, MTD=4)",300,SEEDA Plateau,Allocated,1,True,11.833000000000013,0.4334280346071388,10.993241666666677,12.67164166666669
Optimal dose at MTD-3,"Optimal dose at MTD-3 (k*=1, MTD=4)",300,SEEDA Plateau,Allocated,2,False,12.766333333333353,0.4293841294451829,11.976616666666677,13.654133333333347
Optimal dose at MTD-3,"Optimal dose at MTD-3 (k*=1, MTD=4)",300,SEEDA Plateau,Allocated,3,False,13.009666666666684,0.4246611863177903,12.201991666666688,13.89745833333336
Optimal dose at MTD-3,"Optimal dose at MTD-3 (k*=1, MTD=4)",300,SEEDA Plateau,Allocated,4,False,61.724333333333455,1.1164770272839968,59.42330000000008,63.86657500000008
Optimal dose at MTD-3,"Optimal dose at MTD-3 (k*=1, MTD=4)",300,SEEDA Plateau,Allocated,5,False,0.3333333333333318,7.220060593319288e-16,0.3333333333333318,0.3333333333333318
Optimal dose at MTD-3,"Optimal dose at MTD-3 (k*=1, MTD=4)",300,SEEDA Plateau,Allocated,6,False,0.3333333333333318,7.220060593319288e-16,0.3333333333333318,0.3333333333333318
Optimal dose at MTD-3,"Optimal dose at MTD-3 (k*=1, MTD=4)",300,SEEDA Plateau (ours),Recommended,1,True,74.80066666666654,1.058249530263903,72.73356666666666,76.97087500000006
Optimal dose at MTD-3,"Optimal dose at MTD-3 (k*=1, MTD=4)",300,SEEDA Plateau (ours),Recommended,2,False,11.823000000000027,0.6658049625787054,10.596808333333344,13.132816666666725
Optimal dose at MTD-3,"Optimal dose at MTD-3 (k*=1, MTD=4)",300,SEEDA Plateau (ours),Recommended,3,False,7.322666666666665,0.5097847828942492,6.350225000000004,8.259691666666667
Optimal dose at MTD-3,"Optimal dose at MTD-3 (k*=1, MTD=4)",300,SEEDA Plateau (ours),Recommended,4,False,6.0473333333333334,0.518902744272536,4.995508333333332,7.02115
Optimal dose at MTD-3,"Optimal dose at MTD-3 (k*=1, MTD=4)",300,SEEDA Plateau (ours),Recommended,5,False,0.006333333333333333,0.0032743870417817535,0.0006666666666666668,0.013666666666666667
Optimal dose at MTD-3,"Optimal dose at MTD-3 (k*=1, MTD=4)",300,SEEDA Plateau (ours),Recommended,6,False,0.0,0.0,0.0,0.0
Optimal dose at MTD-3,"Optimal dose at MTD-3 (k*=1, MTD=4)",300,SEEDA Plateau (ours),Allocated,1,True,24.530333333333342,0.6688871371265283,23.226341666666638,25.79064999999997
Optimal dose at MTD-3,"Optimal dose at MTD-3 (k*=1, MTD=4)",300,SEEDA Plateau (ours),Allocated,2,False,28.787000000000038,0.3907771873353124,28.023883333333355,29.543766666666677
Optimal dose at MTD-3,"Optimal dose at MTD-3 (k*=1, MTD=4)",300,SEEDA Plateau (ours),Allocated,3,False,25.967000000000013,0.4464705990741332,25.141108333333317,26.860791666666668
Optimal dose at MTD-3,"Optimal dose at MTD-3 (k*=1, MTD=4)",300,SEEDA Plateau (ours),Allocated,4,False,20.013000000000005,0.5840184547216423,18.900941666666657,21.187991666666658
Optimal dose at MTD-3,"Optimal dose at MTD-3 (k*=1, MTD=4)",300,SEEDA Plateau (ours),Allocated,5,False,0.36933333333333046,0.01148350379038283,0.3486666666666646,0.3943333333333292
Optimal dose at MTD-3,"Optimal dose at MTD-3 (k*=1, MTD=4)",300,SEEDA Plateau (ours),Allocated,6,False,0.3333333333333318,7.220060593319288e-16,0.3333333333333318,0.3333333333333318
Optimal dose at MTD-3,"Optimal dose at MTD-3 (k*=1, MTD=4)",300,SEEDA Plateau (fixed),Recommended,1,True,94.53766666666624,0.3404234328005352,93.90997499999952,95.16320833333278
Optimal dose at MTD-3,"Optimal dose at MTD-3 (k*=1, MTD=4)",300,SEEDA Plateau (fixed),Recommended,2,False,1.7763333333333067,0.22850008825989065,1.3362916666666622,2.209924999999983
Optimal dose at MTD-3,"Optimal dose at MTD-3 (k*=1, MTD=4)",300,SEEDA Plateau (fixed),Recommended,3,False,1.7456666666666518,0.21580022619018155,1.3559833333333327,2.2050666666666556
Optimal dose at MTD-3,"Optimal dose at MTD-3 (k*=1, MTD=4)",300,SEEDA Plateau (fixed),Recommended,4,False,1.9403333333333332,0.14445687341613783,1.67125,2.2420166666666668
Optimal dose at MTD-3,"Optimal dose at MTD-3 (k*=1, MTD=4)",300,SEEDA Plateau (fixed),Recommended,5,False,0.0,0.0,0.0,0.0
Optimal dose at MTD-3,"Optimal dose at MTD-3 (k*=1, MTD=4)",300,SEEDA Plateau (fixed),Recommended,6,False,0.0,0.0,0.0,0.0
Optimal dose at MTD-3,"Optimal dose at MTD-3 (k*=1, MTD=4)",300,SEEDA Plateau (fixed),Allocated,1,True,22.344666666666686,0.6031666705435295,21.215666666666685,23.482816666666643
Optimal dose at MTD-3,"Optimal dose at MTD-3 (k*=1, MTD=4)",300,SEEDA Plateau (fixed),Allocated,2,False,26.87266666666665,0.4055708946986064,26.058625,27.57816666666665
Optimal dose at MTD-3,"Optimal dose at MTD-3 (k*=1, MTD=4)",300,SEEDA Plateau (fixed),Allocated,3,False,27.29733333333333,0.39565426582400326,26.56115833333332,28.079608333333333
Optimal dose at MTD-3,"Optimal dose at MTD-3 (k*=1, MTD=4)",300,SEEDA Plateau (fixed),Allocated,4,False,22.818666666666694,0.6072911094154262,21.637549999999987,24.092724999999962
Optimal dose at MTD-3,"Optimal dose at MTD-3 (k*=1, MTD=4)",300,SEEDA Plateau (fixed),Allocated,5,False,0.3333333333333318,7.220060593319288e-16,0.3333333333333318,0.3333333333333318
Optimal dose at MTD-3,"Optimal dose at MTD-3 (k*=1, MTD=4)",300,SEEDA Plateau (fixed),Allocated,6,False,0.3333333333333318,7.220060593319288e-16,0.3333333333333318,0.3333333333333318
Step-function toxicity (misspecified),"Step-function toxicity (misspecified) (k*=3, MTD=6, nominal grid 4)",100,3 + 3,Recommended,1,False,1.931,0.28314559952528073,1.4369750000000001,2.5311
Step-function toxicity (misspecified),"Step-function toxicity (misspecified) (k*=3, MTD=6, nominal grid 4)",100,3 + 3,Recommended,2,False,51.932,1.4941849871672104,49.019925,54.91815
Step-function toxicity (misspecified),"Step-function toxicity (misspecified) (k*=3, MTD=6, nominal grid 4)",100,3 + 3,Recommended,3,True,26.546,1.337497200131783,23.784925,29.089074999999998
Step-function toxicity (misspecified),"Step-function toxicity (misspecified) (k*=3, MTD=6, nominal grid 4)",100,3 + 3,Recommended,4,False,11.042,0.9261319737660674,9.1973,12.8482
Step-function toxicity (misspecified),"Step-function toxicity (misspecified) (k*=3, MTD=6, nominal grid 4)",100,3 + 3,Recommended,5,False,8.363,0.8302167515236667,6.792625,10.065475
Step-function toxicity (misspecified),"Step-function toxicity (misspecified) (k*=3, MTD=6, nominal grid 4)",100,3 + 3,Recommended,6,False,0.186,0.022726879020886926,0.14395,0.233
Step-function toxicity (misspecified),"Step-function toxicity (misspecified) (k*=3, MTD=6, nominal grid 4)",100,3 + 3,Allocated,1,False,1.931,0.30370919771514454,1.438925,2.6071
Step-function toxicity (misspecified),"Step-function toxicity (misspecified) (k*=3, MTD=6, nominal grid 4)",100,3 + 3,Allocated,2,False,51.932,1.5379835271269053,48.839325,54.72205
Step-function toxicity (misspecified),"Step-function toxicity (misspecified) (k*=3, MTD=6, nominal grid 4)",100,3 + 3,Allocated,3,True,26.546,1.3449621072152365,24.043375,29.307624999999998
Step-function toxicity (misspecified),"Step-function toxicity (misspecified) (k*=3, MTD=6, nominal grid 4)",100,3 + 3,Allocated,4,False,11.042,0.9471034245782493,9.226575,12.956075
Step-function toxicity (misspecified),"Step-function toxicity (misspecified) (k*=3, MTD=6, nominal grid 4)",100,3 + 3,Allocated,5,False,8.363,0.8613363888364022,6.7528250000000005,10.1612
Step-function toxicity (misspecified),"Step-function toxicity (misspecified) (k*=3, MTD=6, nominal grid 4)",100,3 + 3,Allocated,6,False,0.186,0.0228464542428682,0.141,0.234
Step-function toxicity (misspecified),"Step-function toxicity (misspecified) (k*=3, MTD=6, nominal grid 4)",100,CRM,Recommended,1,False,0.051,0.007321581561148974,0.038,0.066
Step-function toxicity (misspecified),"Step-function toxicity (misspecified) (k*=3, MTD=6, nominal grid 4)",100,CRM,Recommended,2,False,0.53,0.02940959427185685,0.472,0.592
Step-function toxicity (misspecified),"Step-function toxicity (misspecified) (k*=3, MTD=6, nominal grid 4)",100,CRM,Recommended,3,True,10.451,0.6067949059722847,9.338875,11.696824999999999
Step-function toxicity (misspecified),"Step-function toxicity (misspecified) (k*=3, MTD=6, nominal grid 4)",100,CRM,Recommended,4,False,45.026,1.3688291679852258,42.501925,47.803225
Step-function toxicity (misspecified),"Step-function toxicity (misspecified) (k*=3, MTD=6, nominal grid 4)",100,CRM,Recommended,5,False,23.934,1.1858721765561957,21.538425,26.23715
Step-function toxicity (misspecified),"Step-function toxicity (misspecified) (k*=3, MTD=6, nominal grid 4)",100,CRM,Recommended,6,False,20.008,1.170405552955637,17.732575,22.236975
Step-function toxicity (misspecified),"Step-function toxicity (misspecified) (k*=3, MTD=6, nominal grid 4)",100,CRM,Allocated,1,False,0.051,0.007087430258398865,0.037,0.06502499999999999
Step-function toxicity (misspecified),"Step-function toxicity (misspecified) (k*=3, MTD=6, nominal grid 4)",100,CRM,Allocated,2,False,0.53,0.029284835539790815,0.474975,0.593
Step-function toxicity (misspecified),"Step-function toxicity (misspecified) (k*=3, MTD=6, nominal grid 4)",100,CRM,Allocated,3,True,10.451,0.6019155433657993,9.349275,11.659175000000001
Step-function toxicity (misspecified),"Step-function toxicity (misspecified) (k*=3, MTD=6, nominal grid 4)",100,CRM,Allocated,4,False,45.026,1.3333915953622122,42.478875,47.690425
Step-function toxicity (misspecified),"Step-function toxicity (misspecified) (k*=3, MTD=6, nominal grid 4)",100,CRM,Allocated,5,False,23.934,1.1960541278369117,21.67505,26.295075
Step-function toxicity (misspecified),"Step-function toxicity (misspecified) (k*=3, MTD=6, nominal grid 4)",100,CRM,Allocated,6,False,20.008,1.128218440855443,17.837925000000002,22.114125
Step-function toxicity (misspecified),"Step-function toxicity (misspecified) (k*=3, MTD=6, nominal grid 4)",100,UCB,Recommended,1,False,1.028,0.014978390540481452,1.004,1.06
Step-function toxicity (misspecified),"Step-function toxicity (misspecified) (k*=3, MTD=6, nominal grid 4)",100,UCB,Recommended,2,False,2.145,0.14833870313187594,1.88,2.464025
Step-function toxicity (misspecified),"Step-function toxicity (misspecified) (k*=3, MTD=6, nominal grid 4)",100,UCB,Recommended,3,True,23.736,0.8462935519499554,22.065775,25.3751
Step-function toxicity (misspecified),"Step-function toxicity (misspecified) (k*=3, MTD=6, nominal grid 4)",100,UCB,Recommended,4,False,22.085,0.8207793746268321,20.535,23.683175
Step-function toxicity (misspecified),"Step-function toxicity (misspecified) (k*=3, MTD=6, nominal grid 4)",100,UCB,Recommended,5,False,23.117,0.8607079215652917,21.425874999999998,24.824125000000002
Step-function toxicity (misspecified),"Step-function toxicity (misspecified) (k*=3, MTD=6, nominal grid 4)",100,UCB,Recommended,6,False,27.889,0.8987030999951768,26.17025,29.623450000000002
Step-function toxicity (misspecified),"Step-function toxicity (misspecified) (k*=3, MTD=6, nominal grid 4)",100,UCB,Allocated,1,False,8.942,0.024454256268585477,8.895,8.99
Step-function toxicity (misspecified),"Step-function toxicity (misspecified) (k*=3, MTD=6, nominal grid 4)",100,UCB,Allocated,2,False,12.569,0.04809199105468195,12.479975,12.661
Step-function toxicity (misspecified),"Step-function toxicity (misspecified) (k*=3, MTD=6, nominal grid 4)",100,UCB,Allocated,3,True,19.79,0.07284148198312197,19.643974999999998,19.934075
Step-function toxicity (misspecified),"Step-function toxicity (misspecified) (k*=3, MTD=6, nominal grid 4)",100,UCB,Allocated,4,False,19.488,0.07499549129590864,19.338949999999997,19.631
Step-function toxicity (misspecified),"Step-function toxicity (misspecified) (k*=3, MTD=6, nominal grid 4)",100,UCB,Allocated,5,False,19.483,0.06824030417659438,19.353,19.627025
Step-function toxicity (misspecified),"Step-function toxicity (misspecified) (k*=3, MTD=6, nominal grid 4)",100,UCB,Allocated,6,False,19.728,0.06805695835534059,19.6,19.862025
Step-function toxicity (misspecified),"Step-function toxicity (misspecified) (k*=3, MTD=6, nominal grid 4)",100,SEEDA,Recommended,1,False,2.506,0.09086781255956022,2.323,2.673025
Step-function toxicity (misspecified),"Step-function toxicity (misspecified) (k*=3, MTD=6, nominal grid 4)",100,SEEDA,Recommended,2,False,12.28,0.431052771237573,11.457699999999999,13.067275
Step-function toxicity (misspecified),"Step-function toxicity (misspecified) (k*=3, MTD=6, nominal grid 4)",100,SEEDA,Recommended,3,True,47.728,0.8986886538131507,45.995525,49.5122
Step-function toxicity (misspecified),"Step-function toxicity (misspecified) (k*=3, MTD=6, nominal grid 4)",100,SEEDA,Recommended,4,False,37.486,0.9719671931915408,35.610800000000005,39.3746
Step-function toxicity (misspecified),"Step-function toxicity (misspecified) (k*=3, MTD=6, nominal grid 4)",100,SEEDA,Recommended,5,False,0.0,0.0,0.0,0.0
Step-function toxicity (misspecified),"Step-function toxicity (misspecified) (k*=3, MTD=6, nominal grid 4)",100,SEEDA,Recommended,6,False,0.0,0.0,0.0,0.0
Step-function toxicity (misspecified),"Step-function toxicity (misspecified) (k*=3, MTD=6, nominal grid 4)",100,SEEDA,Allocated,1,False,4.958,0.0635781731028432,4.837975,5.086075
Step-function toxicity (misspecified),"Step-function toxicity (misspecified) (k*=3, MTD=6, nominal grid 4)",100,SEEDA,Allocated,2,False,13.169,0.22551870548254407,12.71395,13.607
Step-function toxicity (misspecified),"Step-function toxicity (misspecified) (k*=3, MTD=6, nominal grid 4)",100,SEEDA,Allocated,3,True,42.171,0.40551591243036866,41.3869,42.9312
Step-function toxicity (misspecified),"Step-function toxicity (misspecified) (k*=3, MTD=6, nominal grid 4)",100,SEEDA,Allocated,4,False,37.702,0.4485037300847116,36.85395,38.655100000000004
Step-function toxicity (misspecified),"Step-function toxicity (misspecified) (k*=3, MTD=6, nominal grid 4)",100,SEEDA,Allocated,5,False,1.0,0.0,1.0,1.0
Step-function toxicity (misspecified),"Step-function toxicity (misspecified) (k*=3, MTD=6, nominal grid 4)",100,SEEDA,Allocated,6,False,1.0,0.0,1.0,1.0
Step-function toxicity (misspecified),"Step-function toxicity (misspecified) (k*=3, MTD=6, nominal grid 4)",100,SEEDA Plateau,Recommended,1,False,11.214,0.3880094176075525,10.44675,11.921349999999999
Step-function toxicity (misspecified),"Step-function toxicity (misspecified) (k*=3, MTD=6, nominal grid 4)",100,SEEDA Plateau,Recommended,2,False,11.829,0.43871923945396646,11.018875,12.7171
Step-function toxicity (misspecified),"Step-function toxicity (misspecified) (k*=3, MTD=6, nominal grid 4)",100,SEEDA Plateau,Recommended,3,True,72.527,0.6542736938326665,71.33179999999999,73.78604999999999
Step-function toxicity (misspecified),"Step-function toxicity (misspecified) (k*=3, MTD=6, nominal grid 4)",100,SEEDA Plateau,Recommended,4,False,4.43,0.2532092893699265,3.9549250000000002,4.94865
Step-function toxicity (misspecified),"Step-function toxicity (misspecified) (k*=3, MTD=6, nominal grid 4)",100,SEEDA Plateau,Recommended,5,False,0.0,0.0,0.0,0.0
Step-function toxicity (misspecified),"Step-function toxicity (misspecified) (k*=3, MTD=6, nominal grid 4)",100,SEEDA Plateau,Recommended,6,False,0.0,0.0,0.0,0.0
Step-function toxicity (misspecified),"Step-function toxicity (misspecified) (k*=3, MTD=6, nominal grid 4)",100,SEEDA Plateau,Allocated,1,False,4.216,0.09709303699459011,4.032,4.410075
Step-function toxicity (misspecified),"Step-function toxicity (misspecified) (k*=3, MTD=6, nominal grid 4)",100,SEEDA Plateau,Allocated,2,False,12.52,0.32273975411294636,11.9129,13.131125
Step-function toxicity (misspecified),"Step-function toxicity (misspecified) (k*=3, MTD=6, nominal grid 4)",100,SEEDA Plateau,Allocated,3,True,29.154,0.5994383377134971,27.945,30.2602
Step-function toxicity (misspecified),"Step-function toxicity (misspecified) (k*=3, MTD=6, nominal grid 4)",100,SEEDA Plateau,Allocated,4,False,52.11,0.8449816646084839,50.63695,53.805625
Step-function toxicity (misspecified),"Step-function toxicity (misspecified) (k*=3, MTD=6, nominal grid 4)",100,SEEDA Plateau,Allocated,5,False,1.0,0.0,1.0,1.0
Step-function toxicity (misspecified),"Step-function toxicity (misspecified) (k*=3, MTD=6, nominal grid 4)",100,SEEDA Plateau,Allocated,6,False,1.0,0.0,1.0,1.0
Step-function toxicity (misspecified),"Step-function toxicity (misspecified) (k*=3, MTD=6, nominal grid 4)",100,SEEDA Plateau (ours),Recommended,1,False,11.723,0.27542036958071947,11.184875,12.26625
Step-function toxicity (misspecified),"Step-function toxicity (misspecified) (k*=3, MTD=6, nominal grid 4)",100,SEEDA Plateau (ours),Recommended,2,False,28.268,0.6470829558741157,26.994525,29.514225
Step-function toxicity (misspecified),"Step-function toxicity (misspecified) (k*=3, MTD=6, nominal grid 4)",100,SEEDA Plateau (ours),Recommended,3,True,51.267,0.7405530254394258,49.807775,52.770300000000006
Step-function toxicity (misspecified),"Step-function toxicity (misspecified) (k*=3, MTD=6, nominal grid 4)",100,SEEDA Plateau (ours),Recommended,4,False,8.655,0.5263135069553164,7.685825,9.72605
Step-function toxicity (misspecified),"Step-function toxicity (misspecified) (k*=3, MTD=6, nominal grid 4)",100,SEEDA Plateau (ours),Recommended,5,False,0.087,0.07829399024132014,0.0,0.2613249999999997
Step-function toxicity (misspecified),"Step-function toxicity (misspecified) (k*=3, MTD=6, nominal grid 4)",100,SEEDA Plateau (ours),Recommended,6,False,0.0,0.0,0.0,0.0
Step-function toxicity (misspecified),"Step-function toxicity (misspecified) (k*=3, MTD=6, nominal grid 4)",100,SEEDA Plateau (ours),Allocated,1,False,5.955,0.10709933456125428,5.75795,6.17
Step-function toxicity (misspecified),"Step-function toxicity (misspecified) (k*=3, MTD=6, nominal grid 4)",100,SEEDA Plateau (ours),Allocated,2,False,19.703,0.3263140012110825,19.05285,20.327
Step-function toxicity (misspecified),"Step-function toxicity (misspecified) (k*=3, MTD=6, nominal grid 4)",100,SEEDA Plateau (ours),Allocated,3,True,45.926,0.5500819875837277,44.818975,46.981675
Step-function toxicity (misspecified),"Step-function toxicity (misspecified) (k*=3, MTD=6, nominal grid 4)",100,SEEDA Plateau (ours),Allocated,4,False,26.33,0.5579208205121587,25.241525,27.437125
Step-function toxicity (misspecified),"Step-function toxicity (misspecified) (k*=3, MTD=6, nominal grid 4)",100,SEEDA Plateau (ours),Allocated,5,False,1.086,0.06237511431561382,1.005,1.219125
Step-function toxicity (misspecified),"Step-function toxicity (misspecified) (k*=3, MTD=6, nominal grid 4)",100,SEEDA Plateau (ours),Allocated,6,False,1.0,0.0,1.0,1.0
Step-function toxicity (misspecified),"Step-function toxicity (misspecified) (k*=3, MTD=6, nominal grid 4)",100,SEEDA Plateau (fixed),Recommended,1,False,63.356,0.8503926295632015,61.76035,64.991725
Step-function toxicity (misspecified),"Step-function toxicity (misspecified) (k*=3, MTD=6, nominal grid 4)",100,SEEDA Plateau (fixed),Recommended,2,False,4.908,0.4086941067153573,4.1516,5.748874999999999
Step-function toxicity (misspecified),"Step-function toxicity (misspecified) (k*=3, MTD=6, nominal grid 4)",100,SEEDA Plateau (fixed),Recommended,3,True,27.376,0.8462344185218962,25.819625000000002,29.02625
Step-function toxicity (misspecified),"Step-function toxicity (misspecified) (k*=3, MTD=6, nominal grid 4)",100,SEEDA Plateau (fixed),Recommended,4,False,4.36,0.2087188088917365,3.978825,4.8041
Step-function toxicity (misspecified),"Step-function toxicity (misspecified) (k*=3, MTD=6, nominal grid 4)",100,SEEDA Plateau (fixed),Recommended,5,False,0.0,0.0,0.0,0.0
Step-function toxicity (misspecified),"Step-function toxicity (misspecified) (k*=3, MTD=6, nominal grid 4)",100,SEEDA Plateau (fixed),Recommended,6,False,0.0,0.0,0.0,0.0
Step-function toxicity (misspecified),"Step-function toxicity (misspecified) (k*=3, MTD=6, nominal grid 4)",100,SEEDA Plateau (fixed),Allocated,1,False,4.362,0.1045034207859051,4.151925,4.559
Step-function toxicity (misspecified),"Step-function toxicity (misspecified) (k*=3, MTD=6, nominal grid 4)",100,SEEDA Plateau (fixed),Allocated,2,False,15.263,0.29981799803872344,14.664974999999998,15.828075
Step-function toxicity (misspecified),"Step-function toxicity (misspecified) (k*=3, MTD=6, nominal grid 4)",100,SEEDA Plateau (fixed),Allocated,3,True,42.513,0.40349623473763363,41.743925,43.295225
Step-function toxicity (misspecified),"Step-function toxicity (misspecified) (k*=3, MTD=6, nominal grid 4)",100,SEEDA Plateau (fixed),Allocated,4,False,35.862,0.4953750099788156,34.89095,36.910149999999994
Step-function toxicity (misspecified),"Step-function toxicity (misspecified) (k*=3, MTD=6, nominal grid 4)",100,SEEDA Plateau (fixed),Allocated,5,False,1.0,0.0,1.0,1.0
Step-function toxicity (misspecified),"Step-function toxicity (misspecified) (k*=3, MTD=6, nominal grid 4)",100,SEEDA Plateau (fixed),Allocated,6,False,1.0,0.0,1.0,1.0
Step-function toxicity (misspecified),"Step-function toxicity (misspecified) (k*=3, MTD=6, nominal grid 4)",300,3 + 3,Recommended,1,False,1.6406666666666363,0.35874979760265,1.0412833333333422,2.434025000000021
Step-function toxicity (misspecified),"Step-function toxicity (misspecified) (k*=3, MTD=6, nominal grid 4)",300,3 + 3,Recommended,2,False,51.616333333333685,1.5672874827063785,48.65255833333364,54.78290833333374
Step-function toxicity (misspecified),"Step-function toxicity (misspecified) (k*=3, MTD=6, nominal grid 4)",300,3 + 3,Recommended,3,True,27.037333333333386,1.4060362719569224,24.28396666666668,29.8963416666667
Step-function toxicity (misspecified),"Step-function toxicity (misspecified) (k*=3, MTD=6, nominal grid 4)",300,3 + 3,Recommended,4,False,11.279000000000007,0.9881660361965698,9.412958333333325,13.248458333333359
Step-function toxicity (misspecified),"Step-function toxicity (misspecified) (k*=3, MTD=6, nominal grid 4)",300,3 + 3,Recommended,5,False,8.375333333333328,0.8526053279023021,6.817191666666662,10.049016666666667
Step-function toxicity (misspecified),"Step-function toxicity (misspecified) (k*=3, MTD=6, nominal grid 4)",300,3 + 3,Recommended,6,False,0.05133333333333336,0.006174980381835187,0.04065833333333332,0.0643333333333333
Step-function toxicity (misspecified),"Step-function toxicity (misspecified) (k*=3, MTD=6, nominal grid 4)",300,3 + 3,Allocated,1,False,1.6406666666666363,0.3475313943083633,1.0416583333333458,2.339683333333315
Step-function toxicity (misspecified),"Step-function toxicity (misspecified) (k*=3, MTD=6, nominal grid 4)",300,3 + 3,Allocated,2,False,51.616333333333685,1.6007412367384677,48.548158333333596,54.785308333333816
Step-function toxicity (misspecified),"Step-function toxicity (misspecified) (k*=3, MTD=6, nominal grid 4)",300,3 + 3,Allocated,3,True,27.037333333333386,1.3674763933088354,24.476299999999938,29.80438333333338
Step-function toxicity (misspecified),"Step-function toxicity (misspecified) (k*=3, MTD=6, nominal grid 4)",300,3 + 3,Allocated,4,False,11.279000000000007,0.9675503833226088,9.411299999999994,13.239025000000037
Step-function toxicity (misspecified),"Step-function toxicity (misspecified) (k*=3, MTD=6, nominal grid 4)",300,3 + 3,Allocated,5,False,8.375333333333328,0.8643739638129811,6.709149999999993,9.937058333333328
Step-function toxicity (misspecified),"Step-function toxicity (misspecified) (k*=3, MTD=6, nominal grid 4)",300,3 + 3,Allocated,6,False,0.05133333333333336,0.006110032837805118,0.03965833333333331,0.06333333333333332
Step-function toxicity (misspecified),"Step-function toxicity (misspecified) (k*=3, MTD=6, nominal grid 4)",300,CRM,Recommended,1,False,0.011000000000000003,0.0019797403125254532,0.0073333333333333315,0.015000000000000005
Step-function toxicity (misspecified),"Step-function toxicity (misspecified) (k*=3, MTD=6, nominal grid 4)",300,CRM,Recommended,2,False,0.19866666666666702,0.010550223399024596,0.1783333333333336,0.21934166666666707
Step-function toxicity (misspecified),"Step-function toxicity (misspecified) (k*=3, MTD=6, nominal grid 4)",300,CRM,Recommended,3,True,5.082666666666668,0.4189010456533742,4.293966666666676,5.926483333333334
Step-function toxicity (misspecified),"Step-function toxicity (misspecified) (k*=3, MTD=6, nominal grid 4)",300,CRM,Recommended,4,False,50.45033333333342,1.4518192090203845,47.609283333333394,53.26204166666672
Step-function toxicity (misspecified),"Step-function toxicity (misspecified) (k*=3, MTD=6, nominal grid 4)",300,CRM,Recommended,5,False,23.405,1.2611735067199439,20.962374999999998,26.033516666666674
Step-function toxicity (misspecified),"Step-function toxicity (misspecified) (k*=3, MTD=6, nominal grid 4)",300,CRM,Recommended,6,False,20.85233333333331,1.261006466853452,18.476491666666664,23.31307499999999
Step-function toxicity (misspecified),"Step-function toxicity (misspecified) (k*=3, MTD=6, nominal grid 4)",300,CRM,Allocated,1,False,0.011000000000000003,0.002013843646587186,0.006999999999999999,0.015000000000000008
Step-function toxicity (misspecified),"Step-function toxicity (misspecified) (k*=3, MTD=6, nominal grid 4)",300,CRM,Allocated,2,False,0.19866666666666702,0.010140211996984566,0.17866666666666697,0.21800833333333391
Step-function toxicity (misspecified),"Step-function toxicity (misspecified) (k*=3, MTD=6, nominal grid 4)",300,CRM,Allocated,3,True,5.082666666666668,0.4233948335597419,4.267658333333343,5.930191666666659
Step-function toxicity (misspecified),"Step-function toxicity (misspecified) (k*=3, MTD=6, nominal grid 4)",300,CRM,Allocated,4,False,50.45033333333342,1.5393548285634004,47.328616666666605,53.328933333333374
Step-function toxicity (misspecified),"Step-function toxicity (misspecified) (k*=3, MTD=6, nominal grid 4)",300,CRM,Allocated,5,False,23.405,1.3162365803826155,21.01828333333334,26.1179416666667
Step-function toxicity (misspecified),"Step-function toxicity (misspecified) (k*=3, MTD=6, nominal grid 4)",300,CRM,Allocated,6,False,20.85233333333331,1.236650907885567,18.39101666666668,23.232608333333317
Step-function toxicity (misspecified),"Step-function toxicity (misspecified) (k*=3, MTD=6, nominal grid 4)",300,UCB,Recommended,1,False,0.33699999999999836,0.002045562403782778,0.33366666666666517,0.34166666666666456
Step-function toxicity (misspecified),"Step-function toxicity (misspecified) (k*=3, MTD=6, nominal grid 4)",300,UCB,Recommended,2,False,0.7626666666666716,0.05598994654899393,0.6616500000000007,0.8763416666666777
Step-function toxicity (misspecified),"Step-function toxicity (misspecified) (k*=3, MTD=6, nominal grid 4)",300,UCB,Recommended,3,True,22.639999999999937,0.7929999646237172,21.100916666666652,24.20487499999996
Step-function toxicity (misspecified),"Step-function toxicity (misspecified) (k*=3, MTD=6, nominal grid 4)",300,UCB,Recommended,4,False,24.9156666666666,0.8147926660359387,23.345366666666642,26.565091666666603
Step-function toxicity (misspecified),"Step-function toxicity (misspecified) (k*=3, MTD=6, nominal grid 4)",300,UCB,Recommended,5,False,25.780666666666608,0.8624529823820566,24.17918333333331,27.508074999999973
Step-function toxicity (misspecified),"Step-function toxicity (misspecified) (k*=3, MTD=6, nominal grid 4)",300,UCB,Recommended,6,False,25.563999999999936,0.8927063810473446,23.91316666666663,27.355516666666627
Step-function toxicity (misspecified),"Step-function toxicity (misspecified) (k*=3, MTD=6, nominal grid 4)",300,UCB,Allocated,1,False,6.365,0.014431798233230845,6.33533333333334,6.3926750000000006
Step-function toxicity (misspecified),"Step-function toxicity (misspecified) (k*=3, MTD=6, nominal grid 4)",300,UCB,Allocated,2,False,10.478666666666665,0.03628474861401112,10.412658333333328,10.549358333333348
Step-function toxicity (misspecified),"Step-function toxicity (misspecified) (k*=3, MTD=6, nominal grid 4)",300,UCB,Allocated,3,True,20.680999999999987,0.06566305532075306,20.55161666666663,20.805024999999993
Step-function toxicity (misspecified),"Step-function toxicity (misspecified) (k*=3, MTD=6, nominal grid 4)",300,UCB,Allocated,4,False,20.95000000000002,0.06943513984192101,20.814000000000014,21.08368333333338
Step-function toxicity (misspecified),"Step-function toxicity (misspecified) (k*=3, MTD=6, nominal grid 4)",300,UCB,Allocated,5,False,20.806000000000036,0.06803791420142208,20.667641666666643,20.929358333333315
Step-function toxicity (misspecified),"Step-function toxicity (misspecified) (k*=3, MTD=6, nominal grid 4)",300,UCB,Allocated,6,False,20.719333333333285,0.07027706648660521,20.58230833333334,20.857024999999997
Step-function toxicity (misspecified),"Step-function toxicity (misspecified) (k*=3, MTD=6, nominal grid 4)",300,SEEDA,Recommended,1,False,0.8556666666666718,0.031675309357440895,0.7933166666666703,0.9173583333333412
Step-function toxicity (misspecified),"Step-function toxicity (misspecified) (k*=3, MTD=6, nominal grid 4)",300,SEEDA,Recommended,2,False,5.965333333333332,0.27824827776480304,5.425924999999998,6.512341666666673
Step-function toxicity (misspecified),"Step-function toxicity (misspecified) (k*=3, MTD=6, nominal grid 4)",300,SEEDA,Recommended,3,True,54.951333333333366,1.0052545204924608,52.9753,56.934333333333335
Step-function toxicity (misspecified),"Step-function toxicity (misspecified) (k*=3, MTD=6, nominal grid 4)",300,SEEDA,Recommended,4,False,38.22766666666673,1.0586340056005263,36.138316666666604,40.322250000000025
Step-function toxicity (misspecified),"Step-function toxicity (misspecified) (k*=3, MTD=6, nominal grid 4)",300,SEEDA,Recommended,5,False,0.0,0.0,0.0,0.0
Step-function toxicity (misspecified),"Step-function toxicity (misspecified) (k*=3, MTD=6, nominal grid 4)",300,SEEDA,Recommended,6,False,0.0,0.0,0.0,0.0
Step-function toxicity (misspecified),"Step-function toxicity (misspecified) (k*=3, MTD=6, nominal grid 4)",300,SEEDA,Allocated,1,False,2.3493333333333326,0.02653048156590404,2.2983166666666666,2.3990166666666677
Step-function toxicity (misspecified),"Step-function toxicity (misspecified) (k*=3, MTD=6, nominal grid 4)",300,SEEDA,Allocated,2,False,7.06333333333333,0.1567220268934858,6.764333333333332,7.371816666666667
Step-function toxicity (misspecified),"Step-function toxicity (misspecified) (k*=3, MTD=6, nominal grid 4)",300,SEEDA,Allocated,3,True,50.35833333333331,0.5335871016000979,49.37159999999998,51.47508333333331
Step-function toxicity (misspecified),"Step-function toxicity (misspecified) (k*=3, MTD=6, nominal grid 4)",300,SEEDA,Allocated,4,False,39.562333333333335,0.570781626506577,38.38075833333334,40.63918333333333
Step-function toxicity (misspecified),"Step-function toxicity (misspecified) (k*=3, MTD=6, nominal grid 4)",300,SEEDA,Allocated,5,False,0.3333333333333318,7.220060593319288e-16,0.3333333333333318,0.3333333333333318
Step-function toxicity (misspecified),"Step-function toxicity (misspecified) (k*=3, MTD=6, nominal grid 4)",300,SEEDA,Allocated,6,False,0.3333333333333318,7.220060593319288e-16,0.3333333333333318,0.3333333333333318
Step-function toxicity (misspecified),"Step-function toxicity (misspecified) (k*=3, MTD=6, nominal grid 4)",300,SEEDA Plateau,Recommended,1,False,4.5296666666666825,0.20291780923284536,4.14997500000002,4.931408333333343
Step-function toxicity (misspecified),"Step-function toxicity (misspecified) (k*=3, MTD=6, nominal grid 4)",300,SEEDA Plateau,Recommended,2,False,5.715333333333325,0.2937209043439828,5.151258333333329,6.328358333333318
Step-function toxicity (misspecified),"Step-function toxicity (misspecified) (k*=3, MTD=6, nominal grid 4)",300,SEEDA Plateau,Recommended,3,True,87.74466666666657,0.39349633035603515,86.9716666666666,88.51969999999992
Step-function toxicity (misspecified),"Step-function toxicity (misspecified) (k*=3, MTD=6, nominal grid 4)",300,SEEDA Plateau,Recommended,4,False,2.0103333333333335,0.20905019181560824,1.6439583333333345,2.4508916666666667
Step-function toxicity (misspecified),"Step-function toxicity (misspecified) (k*=3, MTD=6, nominal grid 4)",300,SEEDA Plateau,Recommended,5,False,0.0,0.0,0.0,0.0
Step-function toxicity (misspecified),"Step-function toxicity (misspecified) (k*=3, MTD=6, nominal grid 4)",300,SEEDA Plateau,Recommended,6,False,0.0,0.0,0.0,0.0
Step-function toxicity (misspecified),"Step-function toxicity (misspecified) (k*=3, MTD=6, nominal grid 4)",300,SEEDA Plateau,Allocated,1,False,1.7493333333333265,0.042513843278569406,1.6699999999999977,1.8380166666666644
Step-function toxicity (misspecified),"Step-function toxicity (misspecified) (k*=3, MTD=6, nominal grid 4)",300,SEEDA Plateau,Allocated,2,False,6.144999999999999,0.21462034122111034,5.769250000000005,6.567166666666663
Step-function toxicity (misspecified),"Step-function toxicity (misspecified) (k*=3, MTD=6, nominal grid 4)",300,SEEDA Plateau,Allocated,3,True,30.272000000000002,0.8737568336528316,28.595466666666653,32.0020833333333
Step-function toxicity (misspecified),"Step-function toxicity (misspecified) (k*=3, MTD=6, nominal grid 4)",300,SEEDA Plateau,Allocated,4,False,61.16700000000002,1.0061620204244899,59.126958333333405,63.053741666666674
Step-function toxicity (misspecified),"Step-function toxicity (misspecified) (k*=3, MTD=6, nominal grid 4)",300,SEEDA Plateau,Allocated,5,False,0.3333333333333318,7.220060593319288e-16,0.3333333333333318,0.3333333333333318
Step-function toxicity (misspecified),"Step-function toxicity (misspecified) (k*=3, MTD=6, nominal grid 4)",300,SEEDA Plateau,Allocated,6,False,0.3333333333333318,7.220060593319288e-16,0.3333333333333318,0.3333333333333318
Step-function toxicity (misspecified),"Step-function toxicity (misspecified) (k*=3, MTD=6, nominal grid 4)",300,SEEDA Plateau (ours),Recommended,1,False,3.967333333333329,0.09839739743927603,3.787666666666665,4.16769166666666
Step-function toxicity (misspecified),"Step-function toxicity (misspecified) (k*=3, MTD=6, nominal grid 4)",300,SEEDA Plateau (ours),Recommended,2,False,15.60600000000001,0.40554228331444026,14.817108333333346,16.40706666666669
Step-function toxicity (misspecified),"Step-function toxicity (misspecified) (k*=3, MTD=6, nominal grid 4)",300,SEEDA Plateau (ours),Recommended,3,True,72.89799999999997,0.6112603394360326,71.61325833333326,74.0404083333334
Step-function toxicity (misspecified),"Step-function toxicity (misspecified) (k*=3, MTD=6, nominal grid 4)",300,SEEDA Plateau (ours),Recommended,4,False,7.432999999999993,0.5374716197693626,6.451116666666665,8.51605833333333
Step-function toxicity (misspecified),"Step-function toxicity (misspecified) (k*=3, MTD=6, nominal grid 4)",300,SEEDA Plateau (ours),Recommended,5,False,0.09566666666666666,0.05068547252871175,0.009000000000000001,0.20213333333333325
Step-function toxicity (misspecified),"Step-function toxicity (misspecified) (k*=3, MTD=6, nominal grid 4)",300,SEEDA Plateau (ours),Recommended,6,False,0.0,0.0,0.0,0.0
Step-function toxicity (misspecified),"Step-function toxicity (misspecified) (k*=3, MTD=6, nominal grid 4)",300,SEEDA Plateau (ours),Allocated,1,False,2.522666666666668,0.054740784861975686,2.4189833333333355,2.6356916666666685
Step-function toxicity (misspecified),"Step-function toxicity (misspecified) (k*=3, MTD=6, nominal grid 4)",300,SEEDA Plateau (ours),Allocated,2,False,12.536000000000005,0.3018810361345084,11.942866666666674,13.179283333333334
Step-function toxicity (misspecified),"Step-function toxicity (misspecified) (k*=3, MTD=6, nominal grid 4)",300,SEEDA Plateau (ours),Allocated,3,True,61.23999999999997,0.7046362041189459,59.815258333333404,62.49542499999998
Step-function toxicity (misspecified),"Step-function toxicity (misspecified) (k*=3, MTD=6, nominal grid 4)",300,SEEDA Plateau (ours),Allocated,4,False,22.865333333333336,0.6582858133110291,21.607524999999985,24.155108333333338
Step-function toxicity (misspecified),"Step-function toxicity (misspecified) (k*=3, MTD=6, nominal grid 4)",300,SEEDA Plateau (ours),Allocated,5,False,0.5026666666666603,0.06443308014034518,0.3929833333333279,0.6373416666666696
Step-function toxicity (misspecified),"Step-function toxicity (misspecified) (k*=3, MTD=6, nominal grid 4)",300,SEEDA Plateau (ours),Allocated,6,False,0.3333333333333318,7.220060593319288e-16,0.3333333333333318,0.3333333333333318
Step-function toxicity (misspecified),"Step-function toxicity (misspecified) (k*=3, MTD=6, nominal grid 4)",300,SEEDA Plateau (fixed),Recommended,1,False,37.48900000000002,0.8824256085196939,35.681216666666614,39.3368083333334
Step-function toxicity (misspecified),"Step-function toxicity (misspecified) (k*=3, MTD=6, nominal grid 4)",300,SEEDA Plateau (fixed),Recommended,2,False,3.5110000000000263,0.2901169429042676,2.9630250000000244,4.126591666666696
Step-function toxicity (misspecified),"Step-function toxicity (misspecified) (k*=3, MTD=6, nominal grid 4)",300,SEEDA Plateau (fixed),Recommended,3,True,56.48466666666675,0.9102117086958249,54.68316666666674,58.25617500000001
Step-function toxicity (misspecified),"Step-function toxicity (misspecified) (k*=3, MTD=6, nominal grid 4)",300,SEEDA Plateau (fixed),Recommended,4,False,2.515333333333332,0.25843458047927453,2.0433166666666667,3.0240416666666667
Step-function toxicity (misspecified),"Step-function toxicity (misspecified) (k*=3, MTD=6, nominal grid 4)",300,SEEDA Plateau (fixed),Recommended,5,False,0.0,0.0,0.0,0.0
Step-function toxicity (misspecified),"Step-function toxicity (misspecified) (k*=3, MTD=6, nominal grid 4)",300,SEEDA Plateau (fixed),Recommended,6,False,0.0,0.0,0.0,0.0
Step-function toxicity (misspecified),"Step-function toxicity (misspecified) (k*=3, MTD=6, nominal grid 4)",300,SEEDA Plateau (fixed),Allocated,1,False,1.7696666666666647,0.0463748958401677,1.67798333333333,1.8596999999999961
Step-function toxicity (misspecified),"Step-function toxicity (misspecified) (k*=3, MTD=6, nominal grid 4)",300,SEEDA Plateau (fixed),Allocated,2,False,9.085999999999999,0.25682629911419624,8.611991666666666,9.595083333333335
Step-function toxicity (misspecified),"Step-function toxicity (misspecified) (k*=3, MTD=6, nominal grid 4)",300,SEEDA Plateau (fixed),Allocated,3,True,52.634666666666625,0.5366407945814096,51.56618333333331,53.71470833333334
Step-function toxicity (misspecified),"Step-function toxicity (misspecified) (k*=3, MTD=6, nominal grid 4)",300,SEEDA Plateau (fixed),Allocated,4,False,35.84299999999999,0.582179343693733,34.67885833333338,37.0047833333334
Step-function toxicity (misspecified),"Step-function toxicity (misspecified) (k*=3, MTD=6, nominal grid 4)",300,SEEDA Plateau (fixed),Allocated,5,False,0.3333333333333318,7.220060593319288e-16,0.3333333333333318,0.3333333333333318
Step-function toxicity (misspecified),"Step-function toxicity (misspecified) (k*=3, MTD=6, nominal grid 4)",300,SEEDA Plateau (fixed),Allocated,6,False,0.3333333333333318,7.220060593319288e-16,0.3333333333333318,0.3333333333333318
Off-family logistic toxicity (misspecified),"Off-family logistic toxicity (misspecified) (k*=3, MTD=4)",100,3 + 3,Recommended,1,False,10.246,0.9123551257237695,8.399925,11.994475
Off-family logistic toxicity (misspecified),"Off-family logistic toxicity (misspecified) (k*=3, MTD=4)",100,3 + 3,Recommended,2,False,32.177,1.3828499328241344,29.659175,34.966275
Off-family logistic toxicity (misspecified),"Off-family logistic toxicity (misspecified) (k*=3, MTD=4)",100,3 + 3,Recommended,3,True,31.064,1.3883944501200383,28.4695,33.828125
Off-family logistic toxicity (misspecified),"Off-family logistic toxicity (misspecified) (k*=3, MTD=4)",100,3 + 3,Recommended,4,False,23.665,1.284436208216266,21.004,26.130225
Off-family logistic toxicity (misspecified),"Off-family logistic toxicity (misspecified) (k*=3, MTD=4)",100,3 + 3,Recommended,5,False,2.821,0.4891481294009993,1.9175,3.7858999999999994
Off-family logistic toxicity (misspecified),"Off-family logistic toxicity (misspecified) (k*=3, MTD=4)",100,3 + 3,Recommended,6,False,0.027,0.005209319342102959,0.017,0.037024999999999975
Off-family logistic toxicity (misspecified),"Off-family logistic toxicity (misspecified) (k*=3, MTD=4)",100,3 + 3,Allocated,1,False,10.246,0.9126544325368884,8.584025,12.190175
Off-family logistic toxicity (misspecified),"Off-family logistic toxicity (misspecified) (k*=3, MTD=4)",100,3 + 3,Allocated,2,False,32.177,1.4153556471102249,29.3611,34.790175
Off-family logistic toxicity (misspecified),"Off-family logistic toxicity (misspecified) (k*=3, MTD=4)",100,3 + 3,Allocated,3,True,31.064,1.4168349564892622,28.3257,33.7594
Off-family logistic toxicity (misspecified),"Off-family logistic toxicity (misspecified) (k*=3, MTD=4)",100,3 + 3,Allocated,4,False,23.665,1.276077929922086,21.370675,26.4131
Off-family logistic toxicity (misspecified),"Off-family logistic toxicity (misspecified) (k*=3, MTD=4)",100,3 + 3,Allocated,5,False,2.821,0.4598468379562678,1.974725,3.759025
Off-family logistic toxicity (misspecified),"Off-family logistic toxicity (misspecified) (k*=3, MTD=4)",100,3 + 3,Allocated,6,False,0.027,0.004870813980109358,0.018,0.037
Off-family logistic toxicity (misspecified),"Off-family logistic toxicity (misspecified) (k*=3, MTD=4)",100,CRM,Recommended,1,False,0.022,0.005077073238852555,0.013,0.032
Off-family logistic toxicity (misspecified),"Off-family logistic toxicity (misspecified) (k*=3, MTD=4)",100,CRM,Recommended,2,False,0.261,0.023785649710111614,0.214975,0.307025
Off-family logistic toxicity (misspecified),"Off-family logistic toxicity (misspecified) (k*=3, MTD=4)",100,CRM,Recommended,3,True,3.075,0.1034871183271602,2.86385,3.278
Off-family logistic toxicity (misspecified),"Off-family logistic toxicity (misspecified) (k*=3, MTD=4)",100,CRM,Recommended,4,False,89.583,0.2711469445550538,89.04895,90.1271
Off-family logistic toxicity (misspecified),"Off-family logistic toxicity (misspecified) (k*=3, MTD=4)",100,CRM,Recommended,5,False,7.05,0.2867311140472249,6.4946,7.59705
Off-family logistic toxicity (misspecified),"Off-family logistic toxicity (misspecified) (k*=3, MTD=4)",100,CRM,Recommended,6,False,0.009,0.0036090754252890663,0.003,0.017
Off-family logistic toxicity (misspecified),"Off-family logistic toxicity (misspecified) (k*=3, MTD=4)",100,CRM,Allocated,1,False,0.022,0.004968074150086803,0.012,0.032
Off-family logistic toxicity (misspecified),"Off-family logistic toxicity (misspecified) (k*=3, MTD=4)",100,CRM,Allocated,2,False,0.261,0.023498422220371455,0.218,0.308
Off-family logistic toxicity (misspecified),"Off-family logistic toxicity (misspecified) (k*=3, MTD=4)",100,CRM,Allocated,3,True,3.075,0.09754309412362931,2.891825,3.267025
Off-family logistic toxicity (misspecified),"Off-family logistic toxicity (misspecified) (k*=3, MTD=4)",100,CRM,Allocated,4,False,89.583,0.26103579135507127,89.066975,90.06
Off-family logistic toxicity (misspecified),"Off-family logistic toxicity (misspecified) (k*=3, MTD=4)",100,CRM,Allocated,5,False,7.05,0.2757617210669492,6.552775,7.607125
Off-family logistic toxicity (misspecified),"Off-family logistic toxicity (misspecified) (k*=3, MTD=4)",100,CRM,Allocated,6,False,0.009,0.0037714855300137527,0.003,0.017
Off-family logistic toxicity (misspecified),"Off-family logistic toxicity (misspecified) (k*=3, MTD=4)",100,UCB,Recommended,1,False,1.033,0.011173545727481693,1.013,1.056025
Off-family logistic toxicity (misspecified),"Off-family logistic toxicity (misspecified) (k*=3, MTD=4)",100,UCB,Recommended,2,False,3.04,0.21384641729566134,2.617,3.482125
Off-family logistic toxicity (misspecified),"Off-family logistic toxicity (misspecified) (k*=3, MTD=4)",100,UCB,Recommended,3,True,48.786,1.061774743420074,46.84795,50.8072
Off-family logistic toxicity (misspecified),"Off-family logistic toxicity (misspecified) (k*=3, MTD=4)",100,UCB,Recommended,4,False,43.52,1.0561727244745172,41.5328,45.473
Off-family logistic toxicity (misspecified),"Off-family logistic toxicity (misspecified) (k*=3, MTD=4)",100,UCB,Recommended,5,False,2.355,0.1135270494946776,2.14195,2.582175
Off-family logistic toxicity (misspecified),"Off-family logistic toxicity (misspecified) (k*=3, MTD=4)",100,UCB,Recommended,6,False,1.266,0.03585611495937587,1.198,1.337
Off-family logistic toxicity (misspecified),"Off-family logistic toxicity (misspecified) (k*=3, MTD=4)",100,UCB,Allocated,1,False,8.874,0.02543699116482758,8.819975,8.922
Off-family logistic toxicity (misspecified),"Off-family logistic toxicity (misspecified) (k*=3, MTD=4)",100,UCB,Allocated,2,False,12.565,0.05031906206406289,12.465,12.664
Off-family logistic toxicity (misspecified),"Off-family logistic toxicity (misspecified) (k*=3, MTD=4)",100,UCB,Allocated,3,True,19.608,0.06955976320155685,19.475975,19.7481
Off-family logistic toxicity (misspecified),"Off-family logistic toxicity (misspecified) (k*=3, MTD=4)",100,UCB,Allocated,4,False,19.569,0.06545107154788808,19.436,19.696025000000002
Off-family logistic toxicity (misspecified),"Off-family logistic toxicity (misspecified) (k*=3, MTD=4)",100,UCB,Allocated,5,False,19.655,0.07133933602764232,19.510975,19.79805
Off-family logistic toxicity (misspecified),"Off-family logistic toxicity (misspecified) (k*=3, MTD=4)",100,UCB,Allocated,6,False,19.729,0.06980751788706976,19.589975,19.870050000000003
Off-family logistic toxicity (misspecified),"Off-family logistic toxicity (misspecified) (k*=3, MTD=4)",100,SEEDA,Recommended,1,False,2.356,0.07630108711476453,2.20295,2.495075
Off-family logistic toxicity (misspecified),"Off-family logistic toxicity (misspecified) (k*=3, MTD=4)",100,SEEDA,Recommended,2,False,4.081,0.16955471539450773,3.759775,4.439
Off-family logistic toxicity (misspecified),"Off-family logistic toxicity (misspecified) (k*=3, MTD=4)",100,SEEDA,Recommended,3,True,48.311,0.9972114855666006,46.350725,50.3331
Off-family logistic toxicity (misspecified),"Off-family logistic toxicity (misspecified) (k*=3, MTD=4)",100,SEEDA,Recommended,4,False,45.252,0.9955220041947026,43.294875000000005,47.262125
Off-family logistic toxicity (misspecified),"Off-family logistic toxicity (misspecified) (k*=3, MTD=4)",100,SEEDA,Recommended,5,False,0.0,0.0,0.0,0.0
Off-family logistic toxicity (misspecified),"Off-family logistic toxicity (misspecified) (k*=3, MTD=4)",100,SEEDA,Recommended,6,False,0.0,0.0,0.0,0.0
Off-family logistic toxicity (misspecified),"Off-family logistic toxicity (misspecified) (k*=3, MTD=4)",100,SEEDA,Allocated,1,False,4.343,0.03670321376801903,4.268975,4.415
Off-family logistic toxicity (misspecified),"Off-family logistic toxicity (misspecified) (k*=3, MTD=4)",100,SEEDA,Allocated,2,False,9.655,0.11839634828104406,9.422925,9.895025
Off-family logistic toxicity (misspecified),"Off-family logistic toxicity (misspecified) (k*=3, MTD=4)",100,SEEDA,Allocated,3,True,42.426,0.3892838063236972,41.609,43.1494
Off-family logistic toxicity (misspecified),"Off-family logistic toxicity (misspecified) (k*=3, MTD=4)",100,SEEDA,Allocated,4,False,41.576,0.375853765655151,40.885850000000005,42.393100000000004
Off-family logistic toxicity (misspecified),"Off-family logistic toxicity (misspecified) (k*=3, MTD=4)",100,SEEDA,Allocated,5,False,1.0,0.0,1.0,1.0
Off-family logistic toxicity (misspecified),"Off-family logistic toxicity (misspecified) (k*=3, MTD=4)",100,SEEDA,Allocated,6,False,1.0,0.0,1.0,1.0
Off-family logistic toxicity (misspecified),"Off-family logistic toxicity (misspecified) (k*=3, MTD=4)",100,SEEDA Plateau,Recommended,1,False,4.064,0.15928597528320557,3.758975,4.385075
Off-family logistic toxicity (misspecified),"Off-family logistic toxicity (misspecified) (k*=3, MTD=4)",100,SEEDA Plateau,Recommended,2,False,5.454,0.25841241638307727,4.941975,5.966025
Off-family logistic toxicity (misspecified),"Off-family logistic toxicity (misspecified) (k*=3, MTD=4)",100,SEEDA Plateau,Recommended,3,True,85.722,0.4329694553895233,84.861825,86.51025
Off-family logistic toxicity (misspecified),"Off-family logistic toxicity (misspecified) (k*=3, MTD=4)",100,SEEDA Plateau,Recommended,4,False,4.76,0.29274092219320225,4.196925,5.385199999999999
Off-family logistic toxicity (misspecified),"Off-family logistic toxicity (misspecified) (k*=3, MTD=4)",100,SEEDA Plateau,Recommended,5,False,0.0,0.0,0.0,0.0
Off-family logistic toxicity (misspecified),"Off-family logistic toxicity (misspecified) (k*=3, MTD=4)",100,SEEDA Plateau,Recommended,6,False,0.0,0.0,0.0,0.0
Off-family logistic toxicity (misspecified),"Off-family logistic toxicity (misspecified) (k*=3, MTD=4)",100,SEEDA Plateau,Allocated,1,False,2.745,0.053120824287401364,2.646975,2.855
Off-family logistic toxicity (misspecified),"Off-family logistic toxicity (misspecified) (k*=3, MTD=4)",100,SEEDA Plateau,Allocated,2,False,6.427,0.15341916330977257,6.134975,6.747075
Off-family logistic toxicity (misspecified),"Off-family logistic toxicity (misspecified) (k*=3, MTD=4)",100,SEEDA Plateau,Allocated,3,True,24.995,0.5968746314769126,23.917,26.262150000000002
Off-family logistic toxicity (misspecified),"Off-family logistic toxicity (misspecified) (k*=3, MTD=4)",100,SEEDA Plateau,Allocated,4,False,63.833,0.7213177797020635,62.369924999999995,65.09245
Off-family logistic toxicity (misspecified),"Off-family logistic toxicity (misspecified) (k*=3, MTD=4)",100,SEEDA Plateau,Allocated,5,False,1.0,0.0,1.0,1.0
Off-family logistic toxicity (misspecified),"Off-family logistic toxicity (misspecified) (k*=3, MTD=4)",100,SEEDA Plateau,Allocated,6,False,1.0,0.0,1.0,1.0
Off-family logistic toxicity (misspecified),"Off-family logistic toxicity (misspecified) (k*=3, MTD=4)",100,SEEDA Plateau (ours),Recommended,1,False,10.508,0.31560375039480015,9.928,11.126
Off-family logistic toxicity (misspecified),"Off-family logistic toxicity (misspecified) (k*=3, MTD=4)",100,SEEDA Plateau (ours),Recommended,2,False,24.797,0.754181638237404,23.384575,26.237199999999998
Off-family logistic toxicity (misspecified),"Off-family logistic toxicity (misspecified) (k*=3, MTD=4)",100,SEEDA Plateau (ours),Recommended,3,True,56.893,0.8518067600879505,55.308975,58.6343
Off-family logistic toxicity (misspecified),"Off-family logistic toxicity (misspecified) (k*=3, MTD=4)",100,SEEDA Plateau (ours),Recommended,4,False,7.778,0.532774234238733,6.703925,8.8211
Off-family logistic toxicity (misspecified),"Off-family logistic toxicity (misspecified) (k*=3, MTD=4)",100,SEEDA Plateau (ours),Recommended,5,False,0.024,0.00965087785869469,0.008,0.044024999999999974
Off-family logistic toxicity (misspecified),"Off-family logistic toxicity (misspecified) (k*=3, MTD=4)",100,SEEDA Plateau (ours),Recommended,6,False,0.0,0.0,0.0,0.0
Off-family logistic toxicity (misspecified),"Off-family logistic toxicity (misspecified) (k*=3, MTD=4)",100,SEEDA Plateau (ours),Allocated,1,False,4.313,0.1076851785608478,4.1148,4.536074999999999
Off-family logistic toxicity (misspecified),"Off-family logistic toxicity (misspecified) (k*=3, MTD=4)",100,SEEDA Plateau (ours),Allocated,2,False,14.862,0.49014686013837055,13.94195,15.7981
Off-family logistic toxicity (misspecified),"Off-family logistic toxicity (misspecified) (k*=3, MTD=4)",100,SEEDA Plateau (ours),Allocated,3,True,47.55,0.586252730633449,46.518724999999996,48.794275
Off-family logistic toxicity (misspecified),"Off-family logistic toxicity (misspecified) (k*=3, MTD=4)",100,SEEDA Plateau (ours),Allocated,4,False,31.221,0.6157605672468615,29.975725,32.400025
Off-family logistic toxicity (misspecified),"Off-family logistic toxicity (misspecified) (k*=3, MTD=4)",100,SEEDA Plateau (ours),Allocated,5,False,1.054,0.01517939122356092,1.027,1.085025
Off-family logistic toxicity (misspecified),"Off-family logistic toxicity (misspecified) (k*=3, MTD=4)",100,SEEDA Plateau (ours),Allocated,6,False,1.0,0.0,1.0,1.0
Off-family logistic toxicity (misspecified),"Off-family logistic toxicity (misspecified) (k*=3, MTD=4)",100,SEEDA Plateau (fixed),Recommended,1,False,64.68,0.9620623731592715,62.655975,66.51129999999999
Off-family logistic toxicity (misspecified),"Off-family logistic toxicity (misspecified) (k*=3, MTD=4)",100,SEEDA Plateau (fixed),Recommended,2,False,2.784,0.32099338393108295,2.18365,3.459075
Off-family logistic toxicity (misspecified),"Off-family logistic toxicity (misspecified) (k*=3, MTD=4)",100,SEEDA Plateau (fixed),Recommended,3,True,27.628,0.9445303111455302,25.97255,29.5622
Off-family logistic toxicity (misspecified),"Off-family logistic toxicity (misspecified) (k*=3, MTD=4)",100,SEEDA Plateau (fixed),Recommended,4,False,4.908,0.2595775308275171,4.390875,5.4171
Off-family logistic toxicity (misspecified),"Off-family logistic toxicity (misspecified) (k*=3, MTD=4)",100,SEEDA Plateau (fixed),Recommended,5,False,0.0,0.0,0.0,0.0
Off-family logistic toxicity (misspecified),"Off-family logistic toxicity (misspecified) (k*=3, MTD=4)",100,SEEDA Plateau (fixed),Recommended,6,False,0.0,0.0,0.0,0.0
Off-family logistic toxicity (misspecified),"Off-family logistic toxicity (misspecified) (k*=3, MTD=4)",100,SEEDA Plateau (fixed),Allocated,1,False,2.078,0.05105895467841908,1.976,2.177
Off-family logistic toxicity (misspecified),"Off-family logistic toxicity (misspecified) (k*=3, MTD=4)",100,SEEDA Plateau (fixed),Allocated,2,False,8.779,0.14452101778143078,8.513974999999999,9.085075000000002
Off-family logistic toxicity (misspecified),"Off-family logistic toxicity (misspecified) (k*=3, MTD=4)",100,SEEDA Plateau (fixed),Allocated,3,True,43.516,0.3998476799960179,42.734899999999996,44.293124999999996
Off-family logistic toxicity (misspecified),"Off-family logistic toxicity (misspecified) (k*=3, MTD=4)",100,SEEDA Plateau (fixed),Allocated,4,False,43.627,0.44928178288400655,42.763775,44.526050000000005
Off-family logistic toxicity (misspecified),"Off-family logistic toxicity (misspecified) (k*=3, MTD=4)",100,SEEDA Plateau (fixed),Allocated,5,False,1.0,0.0,1.0,1.0
Off-family logistic toxicity (misspecified),"Off-family logistic toxicity (misspecified) (k*=3, MTD=4)",100,SEEDA Plateau (fixed),Allocated,6,False,1.0,0.0,1.0,1.0
Off-family logistic toxicity (misspecified),"Off-family logistic toxicity (misspecified) (k*=3, MTD=4)",300,3 + 3,Recommended,1,False,9.981000000000058,0.9327386947201569,8.296991666666571,11.772033333333415
Off-family logistic toxicity (misspecified),"Off-family logistic toxicity (misspecified) (k*=3, MTD=4)",300,3 + 3,Recommended,2,False,31.491999999999738,1.5103351751830343,28.53161666666646,34.35304999999983
Off-family logistic toxicity (misspecified),"Off-family logistic toxicity (misspecified) (k*=3, MTD=4)",300,3 + 3,Recommended,3,True,29.616333333333294,1.3793356551301814,26.964616666666636,32.28232499999998
Off-family logistic toxicity (misspecified),"Off-family logistic toxicity (misspecified) (k*=3, MTD=4)",300,3 + 3,Recommended,4,False,26.640666666666636,1.3692569021363508,23.98466666666664,29.305891666666618
Off-family logistic toxicity (misspecified),"Off-family logistic toxicity (misspecified) (k*=3, MTD=4)",300,3 + 3,Recommended,5,False,2.262666666666669,0.44735708491201914,1.4752999999999965,3.147458333333349
Off-family logistic toxicity (misspecified),"Off-family logistic toxicity (misspecified) (k*=3, MTD=4)",300,3 + 3,Recommended,6,False,0.0073333333333333315,0.001519866256577309,0.004666666666666667,0.010333333333333333
Off-family logistic toxicity (misspecified),"Off-family logistic toxicity (misspecified) (k*=3, MTD=4)",300,3 + 3,Allocated,1,False,9.981000000000058,0.9122790902819976,8.287524999999896,11.769025000000088
Off-family logistic toxicity (misspecified),"Off-family logistic toxicity (misspecified) (k*=3, MTD=4)",300,3 + 3,Allocated,2,False,31.491999999999738,1.4279483760413731,28.730308333333124,34.451008333333085
Off-family logistic toxicity (misspecified),"Off-family logistic toxicity (misspecified) (k*=3, MTD=4)",300,3 + 3,Allocated,3,True,29.616333333333294,1.4191417917861409,26.758591666666643,32.36800833333334
Off-family logistic toxicity (misspecified),"Off-family logistic toxicity (misspecified) (k*=3, MTD=4)",300,3 + 3,Allocated,4,False,26.640666666666636,1.3979223286971085,24.092191666666626,29.392674999999958
Off-family logistic toxicity (misspecified),"Off-family logistic toxicity (misspecified) (k*=3, MTD=4)",300,3 + 3,Allocated,5,False,2.262666666666669,0.4568686041849863,1.3895499999999965,3.2423833333333376
Off-family logistic toxicity (misspecified),"Off-family logistic toxicity (misspecified) (k*=3, MTD=4)",300,3 + 3,Allocated,6,False,0.0073333333333333315,0.0015526333198090704,0.004333333333333334,0.010666666666666668
Off-family logistic toxicity (misspecified),"Off-family logistic toxicity (misspecified) (k*=3, MTD=4)",300,CRM,Recommended,1,False,0.005333333333333334,0.0015564303274651099,0.002666666666666667,0.008666666666666665
Off-family logistic toxicity (misspecified),"Off-family logistic toxicity (misspecified) (k*=3, MTD=4)",300,CRM,Recommended,2,False,0.08833333333333333,0.007955778393991272,0.07266666666666668,0.10399999999999991
Off-family logistic toxicity (misspecified),"Off-family logistic toxicity (misspecified) (k*=3, MTD=4)",300,CRM,Recommended,3,True,1.163666666666667,0.04230864367552978,1.0796583333333358,1.2480499999999999
Off-family logistic toxicity (misspecified),"Off-family logistic toxicity (misspecified) (k*=3, MTD=4)",300,CRM,Recommended,4,False,96.32566666666673,0.09472995714957073,96.1363166666666,96.50734166666673
Off-family logistic toxicity (misspecified),"Off-family logistic toxicity (misspecified) (k*=3, MTD=4)",300,CRM,Recommended,5,False,2.414999999999997,0.0974018575300022,2.2279749999999976,2.619033333333336
Off-family logistic toxicity (misspecified),"Off-family logistic toxicity (misspecified) (k*=3, MTD=4)",300,CRM,Recommended,6,False,0.002,0.0009558250312579601,0.0003333333333333334,0.004000000000000001
Off-family logistic toxicity (misspecified),"Off-family logistic toxicity (misspecified) (k*=3, MTD=4)",300,CRM,Allocated,1,False,0.005333333333333334,0.001578131049285782,0.002666666666666667,0.008666666666666666
Off-family logistic toxicity (misspecified),"Off-family logistic toxicity (misspecified) (k*=3, MTD=4)",300,CRM,Allocated,2,False,0.08833333333333333,0.008371488433747827,0.07300000000000002,0.10466666666666656
Off-family logistic toxicity (misspecified),"Off-family logistic toxicity (misspecified) (k*=3, MTD=4)",300,CRM,Allocated,3,True,1.163666666666667,0.04500918428625982,1.0743250000000015,1.2510083333333313
Off-family logistic toxicity (misspecified),"Off-family logistic toxicity (misspecified) (k*=3, MTD=4)",300,CRM,Allocated,4,False,96.32566666666673,0.10106167850748875,96.11955000000007,96.51006666666677
Off-family logistic toxicity (misspecified),"Off-family logistic toxicity (misspecified) (k*=3, MTD=4)",300,CRM,Allocated,5,False,2.414999999999997,0.10648108347716936,2.2096499999999977,2.6312583333333355
Off-family logistic toxicity (misspecified),"Off-family logistic toxicity (misspecified) (k*=3, MTD=4)",300,CRM,Allocated,6,False,0.002,0.0009183287325322727,0.0003333333333333334,0.003674999999999994
Off-family logistic toxicity (misspecified),"Off-family logistic toxicity (misspecified) (k*=3, MTD=4)",300,UCB,Recommended,1,False,0.35166666666666413,0.00553233826293566,0.342324999999998,0.36333333333333034
Off-family logistic toxicity (misspecified),"Off-family logistic toxicity (misspecified) (k*=3, MTD=4)",300,UCB,Recommended,2,False,1.1693333333333364,0.0809229849262719,1.0166250000000139,1.324691666666666
Off-family logistic toxicity (misspecified),"Off-family logistic toxicity (misspecified) (k*=3, MTD=4)",300,UCB,Recommended,3,True,47.75000000000003,1.1081642202878783,45.60176666666665,49.93589166666671
Off-family logistic toxicity (misspecified),"Off-family logistic toxicity (misspecified) (k*=3, MTD=4)",300,UCB,Recommended,4,False,49.54433333333331,1.1050919482366661,47.348158333333394,51.686766666666735
Off-family logistic toxicity (misspecified),"Off-family logistic toxicity (misspecified) (k*=3, MTD=4)",300,UCB,Recommended,5,False,0.7773333333333385,0.03665767304237739,0.7109916666666692,0.8533750000000062
Off-family logistic toxicity (misspecified),"Off-family logistic toxicity (misspecified) (k*=3, MTD=4)",300,UCB,Recommended,6,False,0.4073333333333286,0.010537428954185813,0.3879999999999964,0.4296666666666616
Off-family logistic toxicity (misspecified),"Off-family logistic toxicity (misspecified) (k*=3, MTD=4)",300,UCB,Allocated,1,False,6.352000000000002,0.01613779640835016,6.320991666666664,6.382333333333326
Off-family logistic toxicity (misspecified),"Off-family logistic toxicity (misspecified) (k*=3, MTD=4)",300,UCB,Allocated,2,False,10.532000000000002,0.03613253254828421,10.461650000000002,10.607008333333326
Off-family logistic toxicity (misspecified),"Off-family logistic toxicity (misspecified) (k*=3, MTD=4)",300,UCB,Allocated,3,True,20.665000000000003,0.06640443754828278,20.536325000000016,20.796999999999965
Off-family logistic toxicity (misspecified),"Off-family logistic toxicity (misspecified) (k*=3, MTD=4)",300,UCB,Allocated,4,False,20.82233333333333,0.06844733812035615,20.692666666666696,20.958033333333372
Off-family logistic toxicity (misspecified),"Off-family logistic toxicity (misspecified) (k*=3, MTD=4)",300,UCB,Allocated,5,False,20.829333333333306,0.06985117198655053,20.69693333333334,20.966366666666705
Off-family logistic toxicity (misspecified),"Off-family logistic toxicity (misspecified) (k*=3, MTD=4)",300,UCB,Allocated,6,False,20.79933333333335,0.06655798100112517,20.67464166666666,20.933008333333323
Off-family logistic toxicity (misspecified),"Off-family logistic toxicity (misspecified) (k*=3, MTD=4)",300,SEEDA,Recommended,1,False,0.7810000000000047,0.024862768358988423,0.7323166666666698,0.8273500000000048
Off-family logistic toxicity (misspecified),"Off-family logistic toxicity (misspecified) (k*=3, MTD=4)",300,SEEDA,Recommended,2,False,1.3603333333333323,0.05369472652764996,1.2489833333333331,1.465016666666667
Off-family logistic toxicity (misspecified),"Off-family logistic toxicity (misspecified) (k*=3, MTD=4)",300,SEEDA,Recommended,3,True,48.189666666666604,1.066679099244361,46.01970000000002,50.27781666666663
Off-family logistic toxicity (misspecified),"Off-family logistic toxicity (misspecified) (k*=3, MTD=4)",300,SEEDA,Recommended,4,False,49.668999999999954,1.064847663132835,47.64029999999996,51.811450000000015
Off-family logistic toxicity (misspecified),"Off-family logistic toxicity (misspecified) (k*=3, MTD=4)",300,SEEDA,Recommended,5,False,0.0,0.0,0.0,0.0
Off-family logistic toxicity (misspecified),"Off-family logistic toxicity (misspecified) (k*=3, MTD=4)",300,SEEDA,Recommended,6,False,0.0,0.0,0.0,0.0
Off-family logistic toxicity (misspecified),"Off-family logistic toxicity (misspecified) (k*=3, MTD=4)",300,SEEDA,Allocated,1,False,2.120333333333336,0.014197070023130707,2.093000000000004,2.1480166666666705
Off-family logistic toxicity (misspecified),"Off-family logistic toxicity (misspecified) (k*=3, MTD=4)",300,SEEDA,Allocated,2,False,5.606000000000009,0.06267390337158266,5.490300000000005,5.73174166666666
Off-family logistic toxicity (misspecified),"Off-family logistic toxicity (misspecified) (k*=3, MTD=4)",300,SEEDA,Allocated,3,True,45.74166666666666,0.38971424087141243,44.99223333333333,46.52100833333329
Off-family logistic toxicity (misspecified),"Off-family logistic toxicity (misspecified) (k*=3, MTD=4)",300,SEEDA,Allocated,4,False,45.865333333333304,0.39143574254898716,45.08250833333331,46.60204166666668
Off-family logistic toxicity (misspecified),"Off-family logistic toxicity (misspecified) (k*=3, MTD=4)",300,SEEDA,Allocated,5,False,0.3333333333333318,7.220060593319288e-16,0.3333333333333318,0.3333333333333318
Off-family logistic toxicity (misspecified),"Off-family logistic toxicity (misspecified) (k*=3, MTD=4)",300,SEEDA,Allocated,6,False,0.3333333333333318,7.220060593319288e-16,0.3333333333333318,0.3333333333333318
Off-family logistic toxicity (misspecified),"Off-family logistic toxicity (misspecified) (k*=3, MTD=4)",300,SEEDA Plateau,Recommended,1,False,1.2913333333333286,0.05176551200482679,1.1966500000000004,1.3950416666666623
Off-family logistic toxicity (misspecified),"Off-family logistic toxicity (misspecified) (k*=3, MTD=4)",300,SEEDA Plateau,Recommended,2,False,1.6533333333333233,0.09693964153643281,1.475916666666662,1.8633583333333232
Off-family logistic toxicity (misspecified),"Off-family logistic toxicity (misspecified) (k*=3, MTD=4)",300,SEEDA Plateau,Recommended,3,True,94.47433333333306,0.309253388418553,93.85254166666644,95.01527499999959
Off-family logistic toxicity (misspecified),"Off-family logistic toxicity (misspecified) (k*=3, MTD=4)",300,SEEDA Plateau,Recommended,4,False,2.580999999999999,0.29357254229639457,2.0752749999999986,3.183350000000004
Off-family logistic toxicity (misspecified),"Off-family logistic toxicity (misspecified) (k*=3, MTD=4)",300,SEEDA Plateau,Recommended,5,False,0.0,0.0,0.0,0.0
Off-family logistic toxicity (misspecified),"Off-family logistic toxicity (misspecified) (k*=3, MTD=4)",300,SEEDA Plateau,Recommended,6,False,0.0,0.0,0.0,0.0
Off-family logistic toxicity (misspecified),"Off-family logistic toxicity (misspecified) (k*=3, MTD=4)",300,SEEDA Plateau,Allocated,1,False,1.1436666666666664,0.028329283659244687,1.0853250000000016,1.1973499999999986
Off-family logistic toxicity (misspecified),"Off-family logistic toxicity (misspecified) (k*=3, MTD=4)",300,SEEDA Plateau,Allocated,2,False,3.2656666666666707,0.0919104464183889,3.086633333333336,3.4536833333333354
Off-family logistic toxicity (misspecified),"Off-family logistic toxicity (misspecified) (k*=3, MTD=4)",300,SEEDA Plateau,Allocated,3,True,23.33199999999997,0.7175396897002079,21.922700000000034,24.693050000000003
Off-family logistic toxicity (misspecified),"Off-family logistic toxicity (misspecified) (k*=3, MTD=4)",300,SEEDA Plateau,Allocated,4,False,71.59200000000011,0.804573257367476,70.02690833333338,73.15971666666684
Off-family logistic toxicity (misspecified),"Off-family logistic toxicity (misspecified) (k*=3, MTD=4)",300,SEEDA Plateau,Allocated,5,False,0.3333333333333318,7.220060593319288e-16,0.3333333333333318,0.3333333333333318
Off-family logistic toxicity (misspecified),"Off-family logistic toxicity (misspecified) (k*=3, MTD=4)",300,SEEDA Plateau,Allocated,6,False,0.3333333333333318,7.220060593319288e-16,0.3333333333333318,0.3333333333333318
Off-family logistic toxicity (misspecified),"Off-family logistic toxicity (misspecified) (k*=3, MTD=4)",300,SEEDA Plateau (ours),Recommended,1,False,3.4279999999999995,0.10725232737985231,3.2326333333333346,3.649058333333329
Off-family logistic toxicity (misspecified),"Off-family logistic toxicity (misspecified) (k*=3, MTD=4)",300,SEEDA Plateau (ours),Recommended,2,False,10.39700000000001,0.5115456347110704,9.375624999999989,11.408583333333354
Off-family logistic toxicity (misspecified),"Off-family logistic toxicity (misspecified) (k*=3, MTD=4)",300,SEEDA Plateau (ours),Recommended,3,True,77.54366666666668,0.730160435559958,76.18784166666674,79.09775000000003
Off-family logistic toxicity (misspecified),"Off-family logistic toxicity (misspecified) (k*=3, MTD=4)",300,SEEDA Plateau (ours),Recommended,4,False,8.627666666666661,0.5931753528048652,7.466791666666664,9.776616666666664
Off-family logistic toxicity (misspecified),"Off-family logistic toxicity (misspecified) (k*=3, MTD=4)",300,SEEDA Plateau (ours),Recommended,5,False,0.003666666666666667,0.0022628659325942325,0.0003333333333333334,0.009
Off-family logistic toxicity (misspecified),"Off-family logistic toxicity (misspecified) (k*=3, MTD=4)",300,SEEDA Plateau (ours),Recommended,6,False,0.0,0.0,0.0,0.0
Off-family logistic toxicity (misspecified),"Off-family logistic toxicity (misspecified) (k*=3, MTD=4)",300,SEEDA Plateau (ours),Allocated,1,False,1.4719999999999982,0.039247180209240416,1.3979916666666634,1.5460166666666666
Off-family logistic toxicity (misspecified),"Off-family logistic toxicity (misspecified) (k*=3, MTD=4)",300,SEEDA Plateau (ours),Allocated,2,False,7.702666666666667,0.4038902850103854,6.957591666666672,8.54374166666667
Off-family logistic toxicity (misspecified),"Off-family logistic toxicity (misspecified) (k*=3, MTD=4)",300,SEEDA Plateau (ours),Allocated,3,True,52.85700000000002,0.6763864928338906,51.52696666666666,54.2571833333333
Off-family logistic toxicity (misspecified),"Off-family logistic toxicity (misspecified) (k*=3, MTD=4)",300,SEEDA Plateau (ours),Allocated,4,False,37.27666666666665,0.7015970358354178,35.88746666666659,38.64642499999999
Off-family logistic toxicity (misspecified),"Off-family logistic toxicity (misspecified) (k*=3, MTD=4)",300,SEEDA Plateau (ours),Allocated,5,False,0.3583333333333308,0.00718455441593176,0.3456499999999976,0.37299999999999695
Off-family logistic toxicity (misspecified),"Off-family logistic toxicity (misspecified) (k*=3, MTD=4)",300,SEEDA Plateau (ours),Allocated,6,False,0.3333333333333318,7.220060593319288e-16,0.3333333333333318,0.3333333333333318
Off-family logistic toxicity (misspecified),"Off-family logistic toxicity (misspecified) (k*=3, MTD=4)",300,SEEDA Plateau (fixed),Recommended,1,False,44.58766666666666,1.0032126230256502,42.589716666666675,46.46635000000006
Off-family logistic toxicity (misspecified),"Off-family logistic toxicity (misspecified) (k*=3, MTD=4)",300,SEEDA Plateau (fixed),Recommended,2,False,0.8126666666666759,0.1269289203313565,0.5906333333333329,1.080691666666681
Off-family logistic toxicity (misspecified),"Off-family logistic toxicity (misspecified) (k*=3, MTD=4)",300,SEEDA Plateau (fixed),Recommended,3,True,52.152000000000086,1.0250231052749836,50.3151000000001,54.21558333333337
Off-family logistic toxicity (misspecified),"Off-family logistic toxicity (misspecified) (k*=3, MTD=4)",300,SEEDA Plateau (fixed),Recommended,4,False,2.447666666666667,0.22927917263798994,2.0229416666666657,2.880425000000002
Off-family logistic toxicity (misspecified),"Off-family logistic toxicity (misspecified) (k*=3, MTD=4)",300,SEEDA Plateau (fixed),Recommended,5,False,0.0,0.0,0.0,0.0
Off-family logistic toxicity (misspecified),"Off-family logistic toxicity (misspecified) (k*=3, MTD=4)",300,SEEDA Plateau (fixed),Recommended,6,False,0.0,0.0,0.0,0.0
Off-family logistic toxicity (misspecified),"Off-family logistic toxicity (misspecified) (k*=3, MTD=4)",300,SEEDA Plateau (fixed),Allocated,1,False,0.6833333333333356,0.017990649507228094,0.6499916666666664,0.7193416666666701
Off-family logistic toxicity (misspecified),"Off-family logistic toxicity (misspecified) (k*=3, MTD=4)",300,SEEDA Plateau (fixed),Allocated,2,False,4.758666666666669,0.07298215180160655,4.614000000000003,4.900725000000008
Off-family logistic toxicity (misspecified),"Off-family logistic toxicity (misspecified) (k*=3, MTD=4)",300,SEEDA Plateau (fixed),Allocated,3,True,47.10866666666665,0.39351071873624466,46.35121666666667,47.89735833333334
Off-family logistic toxicity (misspecified),"Off-family logistic toxicity (misspecified) (k*=3, MTD=4)",300,SEEDA Plateau (fixed),Allocated,4,False,46.78266666666673,0.42688980179652763,45.91950000000003,47.63428333333336
Off-family logistic toxicity (misspecified),"Off-family logistic toxicity (misspecified) (k*=3, MTD=4)",300,SEEDA Plateau (fixed),Allocated,5,False,0.3333333333333318,7.220060593319288e-16,0.3333333333333318,0.3333333333333318
Off-family logistic toxicity (misspecified),"Off-family logistic toxicity (misspecified) (k*=3, MTD=4)",300,SEEDA Plateau (fixed),Allocated,6,False,0.3333333333333318,7.220060593319288e-16,0.3333333333333318,0.3333333333333318
"Higher MTD (dose 5), k* at MTD-1","Higher MTD (dose 5), k* at MTD-1 (k*=4, MTD=5)",100,3 + 3,Recommended,1,False,5.018,0.5890900963397748,3.8569500000000003,6.1850249999999996
"Higher MTD (dose 5), k* at MTD-1","Higher MTD (dose 5), k* at MTD-1 (k*=4, MTD=5)",100,3 + 3,Recommended,2,False,13.936,1.0469107810408005,11.80995,15.968
"Higher MTD (dose 5), k* at MTD-1","Higher MTD (dose 5), k* at MTD-1 (k*=4, MTD=5)",100,3 + 3,Recommended,3,False,22.408,1.254163070059991,19.914575,24.86435
"Higher MTD (dose 5), k* at MTD-1","Higher MTD (dose 5), k* at MTD-1 (k*=4, MTD=5)",100,3 + 3,Recommended,4,True,29.458,1.3810868454408112,26.891550000000002,32.12285
"Higher MTD (dose 5), k* at MTD-1","Higher MTD (dose 5), k* at MTD-1 (k*=4, MTD=5)",100,3 + 3,Recommended,5,False,28.806,1.3767379914333946,26.192500000000003,31.6383
"Higher MTD (dose 5), k* at MTD-1","Higher MTD (dose 5), k* at MTD-1 (k*=4, MTD=5)",100,3 + 3,Recommended,6,False,0.374,0.02005501692105252,0.336975,0.415
"Higher MTD (dose 5), k* at MTD-1","Higher MTD (dose 5), k* at MTD-1 (k*=4, MTD=5)",100,3 + 3,Allocated,1,False,5.018,0.5962367162342368,3.850975,6.193974999999998
"Higher MTD (dose 5), k* at MTD-1","Higher MTD (dose 5), k* at MTD-1 (k*=4, MTD=5)",100,3 + 3,Allocated,2,False,13.936,1.0263684666479818,11.923824999999999,15.8801
"Higher MTD (dose 5), k* at MTD-1","Higher MTD (dose 5), k* at MTD-1 (k*=4, MTD=5)",100,3 + 3,Allocated,3,False,22.408,1.2754142283308705,20.00995,25.071150000000003
"Higher MTD (dose 5), k* at MTD-1","Higher MTD (dose 5), k* at MTD-1 (k*=4, MTD=5)",100,3 + 3,Allocated,4,True,29.458,1.37263795695036,26.82595,32.292575
"Higher MTD (dose 5), k* at MTD-1","Higher MTD (dose 5), k* at MTD-1 (k*=4, MTD=5)",100,3 + 3,Allocated,5,False,28.806,1.3539362250111333,26.1591,31.503125
"Higher MTD (dose 5), k* at MTD-1","Higher MTD (dose 5), k* at MTD-1 (k*=4, MTD=5)",100,3 + 3,Allocated,6,False,0.374,0.019901624699146223,0.336,0.412
"Higher MTD (dose 5), k* at MTD-1","Higher MTD (dose 5), k* at MTD-1 (k*=4, MTD=5)",100,CRM,Recommended,1,False,0.036,0.006213480775164857,0.025,0.049
"Higher MTD (dose 5), k* at MTD-1","Higher MTD (dose 5), k* at MTD-1 (k*=4, MTD=5)",100,CRM,Recommended,2,False,0.02,0.0059846148259194215,0.009,0.033
"Higher MTD (dose 5), k* at MTD-1","Higher MTD (dose 5), k* at MTD-1 (k*=4, MTD=5)",100,CRM,Recommended,3,False,1.43,0.02466509361106996,1.382,1.481
"Higher MTD (dose 5), k* at MTD-1","Higher MTD (dose 5), k* at MTD-1 (k*=4, MTD=5)",100,CRM,Recommended,4,True,0.729,0.05477852686962297,0.62895,0.836
"Higher MTD (dose 5), k* at MTD-1","Higher MTD (dose 5), k* at MTD-1 (k*=4, MTD=5)",100,CRM,Recommended,5,False,93.87,0.26962619501086316,93.31597500000001,94.38805
"Higher MTD (dose 5), k* at MTD-1","Higher MTD (dose 5), k* at MTD-1 (k*=4, MTD=5)",100,CRM,Recommended,6,False,3.915,0.277297582514288,3.391775,4.47415
"Higher MTD (dose 5), k* at MTD-1","Higher MTD (dose 5), k* at MTD-1 (k*=4, MTD=5)",100,CRM,Allocated,1,False,0.036,0.006455486992653023,0.024,0.049
"Higher MTD (dose 5), k* at MTD-1","Higher MTD (dose 5), k* at MTD-1 (k*=4, MTD=5)",100,CRM,Allocated,2,False,0.02,0.005609874034832397,0.01,0.032
"Higher MTD (dose 5), k* at MTD-1","Higher MTD (dose 5), k* at MTD-1 (k*=4, MTD=5)",100,CRM,Allocated,3,False,1.43,0.025529908876595057,1.381975,1.481
"Higher MTD (dose 5), k* at MTD-1","Higher MTD (dose 5), k* at MTD-1 (k*=4, MTD=5)",100,CRM,Allocated,4,True,0.729,0.05303793097512494,0.628975,0.839
"Higher MTD (dose 5), k* at MTD-1","Higher MTD (dose 5), k* at MTD-1 (k*=4, MTD=5)",100,CRM,Allocated,5,False,93.87,0.2779479180064571,93.27085,94.393025
"Higher MTD (dose 5), k* at MTD-1","Higher MTD (dose 5), k* at MTD-1 (k*=4, MTD=5)",100,CRM,Allocated,6,False,3.915,0.2815469038900802,3.4166999999999996,4.5381
"Higher MTD (dose 5), k* at MTD-1","Higher MTD (dose 5), k* at MTD-1 (k*=4, MTD=5)",100,UCB,Recommended,1,False,1.018,0.009416077661028444,1.003,1.04
"Higher MTD (dose 5), k* at MTD-1","Higher MTD (dose 5), k* at MTD-1 (k*=4, MTD=5)",100,UCB,Recommended,2,False,1.172,0.04654354483239933,1.09395,1.2701
"Higher MTD (dose 5), k* at MTD-1","Higher MTD (dose 5), k* at MTD-1 (k*=4, MTD=5)",100,UCB,Recommended,3,False,2.344,0.15635736490988064,2.065,2.6550249999999997
"Higher MTD (dose 5), k* at MTD-1","Higher MTD (dose 5), k* at MTD-1 (k*=4, MTD=5)",100,UCB,Recommended,4,True,46.461,1.0308988043954188,44.461850000000005,48.471075
"Higher MTD (dose 5), k* at MTD-1","Higher MTD (dose 5), k* at MTD-1 (k*=4, MTD=5)",100,UCB,Recommended,5,False,46.677,1.0194746707963844,44.734575,48.64535
"Higher MTD (dose 5), k* at MTD-1","Higher MTD (dose 5), k* at MTD-1 (k*=4, MTD=5)",100,UCB,Recommended,6,False,2.328,0.09578083725247344,2.147975,2.5100749999999996
"Higher MTD (dose 5), k* at MTD-1","Higher MTD (dose 5), k* at MTD-1 (k*=4, MTD=5)",100,UCB,Allocated,1,False,9.557,0.02646803469963086,9.509,9.612025000000001
"Higher MTD (dose 5), k* at MTD-1","Higher MTD (dose 5), k* at MTD-1 (k*=4, MTD=5)",100,UCB,Allocated,2,False,10.948,0.03636525858607409,10.879,11.019
"Higher MTD (dose 5), k* at MTD-1","Higher MTD (dose 5), k* at MTD-1 (k*=4, MTD=5)",100,UCB,Allocated,3,False,13.771,0.05154638674035244,13.673974999999999,13.86805
"Higher MTD (dose 5), k* at MTD-1","Higher MTD (dose 5), k* at MTD-1 (k*=4, MTD=5)",100,UCB,Allocated,4,True,21.851,0.07746943175767365,21.707,21.998025000000002
"Higher MTD (dose 5), k* at MTD-1","Higher MTD (dose 5), k* at MTD-1 (k*=4, MTD=5)",100,UCB,Allocated,5,False,22.108,0.07277864688521235,21.966,22.25305
"Higher MTD (dose 5), k* at MTD-1","Higher MTD (dose 5), k* at MTD-1 (k*=4, MTD=5)",100,UCB,Allocated,6,False,21.765,0.07817729773329901,21.613,21.919025
"Higher MTD (dose 5), k* at MTD-1","Higher MTD (dose 5), k* at MTD-1 (k*=4, MTD=5)",100,SEEDA,Recommended,1,False,1.785,0.055404232943233045,1.676975,1.8910749999999998
"Higher MTD (dose 5), k* at MTD-1","Higher MTD (dose 5), k* at MTD-1 (k*=4, MTD=5)",100,SEEDA,Recommended,2,False,1.807,0.0594154976867598,1.687,1.9240499999999998
"Higher MTD (dose 5), k* at MTD-1","Higher MTD (dose 5), k* at MTD-1 (k*=4, MTD=5)",100,SEEDA,Recommended,3,False,2.514,0.13486292117371448,2.253875,2.7880749999999996
"Higher MTD (dose 5), k* at MTD-1","Higher MTD (dose 5), k* at MTD-1 (k*=4, MTD=5)",100,SEEDA,Recommended,4,True,48.425,1.0166310376250887,46.519775,50.53115
"Higher MTD (dose 5), k* at MTD-1","Higher MTD (dose 5), k* at MTD-1 (k*=4, MTD=5)",100,SEEDA,Recommended,5,False,45.469,1.0070459378995766,43.442975,47.374225
"Higher MTD (dose 5), k* at MTD-1","Higher MTD (dose 5), k* at MTD-1 (k*=4, MTD=5)",100,SEEDA,Recommended,6,False,0.0,0.0,0.0,0.0
"Higher MTD (dose 5), k* at MTD-1","Higher MTD (dose 5), k* at MTD-1 (k*=4, MTD=5)",100,SEEDA,Allocated,1,False,4.201,0.03276170369851406,4.137975,4.26705
"Higher MTD (dose 5), k* at MTD-1","Higher MTD (dose 5), k* at MTD-1 (k*=4, MTD=5)",100,SEEDA,Allocated,2,False,5.547,0.05604292862483944,5.437975,5.6610249999999995
"Higher MTD (dose 5), k* at MTD-1","Higher MTD (dose 5), k* at MTD-1 (k*=4, MTD=5)",100,SEEDA,Allocated,3,False,9.274,0.10454249112897324,9.062875,9.47605
"Higher MTD (dose 5), k* at MTD-1","Higher MTD (dose 5), k* at MTD-1 (k*=4, MTD=5)",100,SEEDA,Allocated,4,True,39.918,0.37849113439791127,39.180975,40.66815
"Higher MTD (dose 5), k* at MTD-1","Higher MTD (dose 5), k* at MTD-1 (k*=4, MTD=5)",100,SEEDA,Allocated,5,False,40.06,0.36850304036976667,39.314975,40.7622
"Higher MTD (dose 5), k* at MTD-1","Higher MTD (dose 5), k* at MTD-1 (k*=4, MTD=5)",100,SEEDA,Allocated,6,False,1.0,0.0,1.0,1.0
"Higher MTD (dose 5), k* at MTD-1","Higher MTD (dose 5), k* at MTD-1 (k*=4, MTD=5)",100,SEEDA Plateau,Recommended,1,False,1.431,0.052776219724117834,1.3359750000000001,1.5370499999999998
"Higher MTD (dose 5), k* at MTD-1","Higher MTD (dose 5), k* at MTD-1 (k*=4, MTD=5)",100,SEEDA Plateau,Recommended,2,False,1.503,0.06643573609911335,1.386975,1.639
"Higher MTD (dose 5), k* at MTD-1","Higher MTD (dose 5), k* at MTD-1 (k*=4, MTD=5)",100,SEEDA Plateau,Recommended,3,False,5.158,0.2706045350958008,4.670925,5.683025
"Higher MTD (dose 5), k* at MTD-1","Higher MTD (dose 5), k* at MTD-1 (k*=4, MTD=5)",100,SEEDA Plateau,Recommended,4,True,87.488,0.42016276971794725,86.62587500000001,88.294175
"Higher MTD (dose 5), k* at MTD-1","Higher MTD (dose 5), k* at MTD-1 (k*=4, MTD=5)",100,SEEDA Plateau,Recommended,5,False,4.42,0.31114076038309707,3.844875,5.0402249999999995
"Higher MTD (dose 5), k* at MTD-1","Higher MTD (dose 5), k* at MTD-1 (k*=4, MTD=5)",100,SEEDA Plateau,Recommended,6,False,0.0,0.0,0.0,0.0
"Higher MTD (dose 5), k* at MTD-1","Higher MTD (dose 5), k* at MTD-1 (k*=4, MTD=5)",100,SEEDA Plateau,Allocated,1,False,1.51,0.032150891726962075,1.447,1.574
"Higher MTD (dose 5), k* at MTD-1","Higher MTD (dose 5), k* at MTD-1 (k*=4, MTD=5)",100,SEEDA Plateau,Allocated,2,False,1.812,0.04928056506466923,1.7169750000000001,1.9100249999999999
"Higher MTD (dose 5), k* at MTD-1","Higher MTD (dose 5), k* at MTD-1 (k*=4, MTD=5)",100,SEEDA Plateau,Allocated,3,False,4.913,0.13802122881500367,4.641975,5.173125
"Higher MTD (dose 5), k* at MTD-1","Higher MTD (dose 5), k* at MTD-1 (k*=4, MTD=5)",100,SEEDA Plateau,Allocated,4,True,23.158,0.6582384514581153,21.922375,24.487025
"Higher MTD (dose 5), k* at MTD-1","Higher MTD (dose 5), k* at MTD-1 (k*=4, MTD=5)",100,SEEDA Plateau,Allocated,5,False,67.607,0.7763301717120817,66.064425,69.06955
"Higher MTD (dose 5), k* at MTD-1","Higher MTD (dose 5), k* at MTD-1 (k*=4, MTD=5)",100,SEEDA Plateau,Allocated,6,False,1.0,0.0,1.0,1.0
"Higher MTD (dose 5), k* at MTD-1","Higher MTD (dose 5), k* at MTD-1 (k*=4, MTD=5)",100,SEEDA Plateau (ours),Recommended,1,False,9.708,0.23730434733536668,9.246,10.195175
"Higher MTD (dose 5), k* at MTD-1","Higher MTD (dose 5), k* at MTD-1 (k*=4, MTD=5)",100,SEEDA Plateau (ours),Recommended,2,False,7.458,0.2885818581266672,6.9419,8.052075
"Higher MTD (dose 5), k* at MTD-1","Higher MTD (dose 5), k* at MTD-1 (k*=4, MTD=5)",100,SEEDA Plateau (ours),Recommended,3,False,12.321,0.5572170444356579,11.15765,13.36115
"Higher MTD (dose 5), k* at MTD-1","Higher MTD (dose 5), k* at MTD-1 (k*=4, MTD=5)",100,SEEDA Plateau (ours),Recommended,4,True,60.602,0.8157627577162841,59.025975,62.132625
"Higher MTD (dose 5), k* at MTD-1","Higher MTD (dose 5), k* at MTD-1 (k*=4, MTD=5)",100,SEEDA Plateau (ours),Recommended,5,False,9.911,0.6084174151271723,8.83345,11.19835
"Higher MTD (dose 5), k* at MTD-1","Higher MTD (dose 5), k* at MTD-1 (k*=4, MTD=5)",100,SEEDA Plateau (ours),Recommended,6,False,0.0,0.0,0.0,0.0
"Higher MTD (dose 5), k* at MTD-1","Higher MTD (dose 5), k* at MTD-1 (k*=4, MTD=5)",100,SEEDA Plateau (ours),Allocated,1,False,3.124,0.06914701319242528,2.986,3.2640749999999996
"Higher MTD (dose 5), k* at MTD-1","Higher MTD (dose 5), k* at MTD-1 (k*=4, MTD=5)",100,SEEDA Plateau (ours),Allocated,2,False,3.817,0.08336774889941875,3.660975,3.9791
"Higher MTD (dose 5), k* at MTD-1","Higher MTD (dose 5), k* at MTD-1 (k*=4, MTD=5)",100,SEEDA Plateau (ours),Allocated,3,False,9.189,0.14771602813834722,8.9,9.4861
"Higher MTD (dose 5), k* at MTD-1","Higher MTD (dose 5), k* at MTD-1 (k*=4, MTD=5)",100,SEEDA Plateau (ours),Allocated,4,True,48.109,0.5635668188727355,47.038850000000004,49.26595
"Higher MTD (dose 5), k* at MTD-1","Higher MTD (dose 5), k* at MTD-1 (k*=4, MTD=5)",100,SEEDA Plateau (ours),Allocated,5,False,34.761,0.6384787859718881,33.438,35.95725
"Higher MTD (dose 5), k* at MTD-1","Higher MTD (dose 5), k* at MTD-1 (k*=4, MTD=5)",100,SEEDA Plateau (ours),Allocated,6,False,1.0,0.0,1.0,1.0
"Higher MTD (dose 5), k* at MTD-1","Higher MTD (dose 5), k* at MTD-1 (k*=4, MTD=5)",100,SEEDA Plateau (fixed),Recommended,1,False,67.048,0.9061764073690471,65.30957500000001,68.81005
"Higher MTD (dose 5), k* at MTD-1","Higher MTD (dose 5), k* at MTD-1 (k*=4, MTD=5)",100,SEEDA Plateau (fixed),Recommended,2,False,0.978,0.005750375450161312,0.967,0.989
"Higher MTD (dose 5), k* at MTD-1","Higher MTD (dose 5), k* at MTD-1 (k*=4, MTD=5)",100,SEEDA Plateau (fixed),Recommended,3,False,1.381,0.12146762872810526,1.17,1.642
"Higher MTD (dose 5), k* at MTD-1","Higher MTD (dose 5), k* at MTD-1 (k*=4, MTD=5)",100,SEEDA Plateau (fixed),Recommended,4,True,25.783,0.9005571386958499,24.019925,27.5642
"Higher MTD (dose 5), k* at MTD-1","Higher MTD (dose 5), k* at MTD-1 (k*=4, MTD=5)",100,SEEDA Plateau (fixed),Recommended,5,False,4.81,0.29708085673000784,4.26485,5.462149999999999
"Higher MTD (dose 5), k* at MTD-1","Higher MTD (dose 5), k* at MTD-1 (k*=4, MTD=5)",100,SEEDA Plateau (fixed),Recommended,6,False,0.0,0.0,0.0,0.0
"Higher MTD (dose 5), k* at MTD-1","Higher MTD (dose 5), k* at MTD-1 (k*=4, MTD=5)",100,SEEDA Plateau (fixed),Allocated,1,False,1.395,0.031656172055844416,1.338,1.460025
"Higher MTD (dose 5), k* at MTD-1","Higher MTD (dose 5), k* at MTD-1 (k*=4, MTD=5)",100,SEEDA Plateau (fixed),Allocated,2,False,1.845,0.04735488876018496,1.757,1.944025
"Higher MTD (dose 5), k* at MTD-1","Higher MTD (dose 5), k* at MTD-1 (k*=4, MTD=5)",100,SEEDA Plateau (fixed),Allocated,3,False,8.17,0.12764521131233628,7.930975,8.422075000000001
"Higher MTD (dose 5), k* at MTD-1","Higher MTD (dose 5), k* at MTD-1 (k*=4, MTD=5)",100,SEEDA Plateau (fixed),Allocated,4,True,43.632,0.3893144721548757,42.878675,44.357025
"Higher MTD (dose 5), k* at MTD-1","Higher MTD (dose 5), k* at MTD-1 (k*=4, MTD=5)",100,SEEDA Plateau (fixed),Allocated,5,False,43.958,0.44200588390360257,43.136925,44.830149999999996
"Higher MTD (dose 5), k* at MTD-1","Higher MTD (dose 5), k* at MTD-1 (k*=4, MTD=5)",100,SEEDA Plateau (fixed),Allocated,6,False,1.0,0.0,1.0,1.0
"Higher MTD (dose 5), k* at MTD-1","Higher MTD (dose 5), k* at MTD-1 (k*=4, MTD=5)",300,3 + 3,Recommended,1,False,2.82133333333334,0.49956994514025754,1.8319916666666385,3.9126750000000556
"Higher MTD (dose 5), k* at MTD-1","Higher MTD (dose 5), k* at MTD-1 (k*=4, MTD=5)",300,3 + 3,Recommended,2,False,11.43533333333336,0.9813304710989806,9.56328333333333,13.311516666666787
"Higher MTD (dose 5), k* at MTD-1","Higher MTD (dose 5), k* at MTD-1 (k*=4, MTD=5)",300,3 + 3,Recommended,3,False,21.344333333333342,1.2656290059536415,18.982300000000045,23.90824999999992
"Higher MTD (dose 5), k* at MTD-1","Higher MTD (dose 5), k* at MTD-1 (k*=4, MTD=5)",300,3 + 3,Recommended,4,True,30.75699999999989,1.4764525659403325,27.902549999999867,33.51173333333321
"Higher MTD (dose 5), k* at MTD-1","Higher MTD (dose 5), k* at MTD-1 (k*=4, MTD=5)",300,3 + 3,Recommended,5,False,33.50199999999988,1.4446123680346978,30.57178333333325,36.44400833333329
"Higher MTD (dose 5), k* at MTD-1","Higher MTD (dose 5), k* at MTD-1 (k*=4, MTD=5)",300,3 + 3,Recommended,6,False,0.13999999999999976,0.006766522629472487,0.12699166666666628,0.15300000000000005
"Higher MTD (dose 5), k* at MTD-1","Higher MTD (dose 5), k* at MTD-1 (k*=4, MTD=5)",300,3 + 3,Allocated,1,False,2.82133333333334,0.48247427583767216,1.9289999999999714,3.8133416666667452
"Higher MTD (dose 5), k* at MTD-1","Higher MTD (dose 5), k* at MTD-1 (k*=4, MTD=5)",300,3 + 3,Allocated,2,False,11.43533333333336,0.9807384336253024,9.367250000000015,13.314350000000124
"Higher MTD (dose 5), k* at MTD-1","Higher MTD (dose 5), k* at MTD-1 (k*=4, MTD=5)",300,3 + 3,Allocated,3,False,21.344333333333342,1.2914201749483551,18.7906416666667,23.907324999999858
"Higher MTD (dose 5), k* at MTD-1","Higher MTD (dose 5), k* at MTD-1 (k*=4, MTD=5)",300,3 + 3,Allocated,4,True,30.75699999999989,1.4083568726218103,27.906649999999868,33.411783333333204
"Higher MTD (dose 5), k* at MTD-1","Higher MTD (dose 5), k* at MTD-1 (k*=4, MTD=5)",300,3 + 3,Allocated,5,False,33.50199999999988,1.447604157636038,30.857216666666567,36.42486666666658
"Higher MTD (dose 5), k* at MTD-1","Higher MTD (dose 5), k* at MTD-1 (k*=4, MTD=5)",300,3 + 3,Allocated,6,False,0.13999999999999976,0.006846889302109318,0.12699999999999967,0.1543333333333333
"Higher MTD (dose 5), k* at MTD-1","Higher MTD (dose 5), k* at MTD-1 (k*=4, MTD=5)",300,CRM,Recommended,1,False,0.006333333333333333,0.0015799240642948079,0.0033333333333333344,0.009666666666666665
"Higher MTD (dose 5), k* at MTD-1","Higher MTD (dose 5), k* at MTD-1 (k*=4, MTD=5)",300,CRM,Recommended,2,False,0.005,0.0014425705485574512,0.002658333333333334,0.008
"Higher MTD (dose 5), k* at MTD-1","Higher MTD (dose 5), k* at MTD-1 (k*=4, MTD=5)",300,CRM,Recommended,3,False,0.46833333333333044,0.008218062281266167,0.4529916666666624,0.48466666666666275
"Higher MTD (dose 5), k* at MTD-1","Higher MTD (dose 5), k* at MTD-1 (k*=4, MTD=5)",300,CRM,Recommended,4,True,0.24000000000000019,0.017141561247765617,0.20766666666666678,0.27535833333333354
"Higher MTD (dose 5), k* at MTD-1","Higher MTD (dose 5), k* at MTD-1 (k*=4, MTD=5)",300,CRM,Recommended,5,False,97.75266666666657,0.11533656697255543,97.52296666666646,97.97668333333337
"Higher MTD (dose 5), k* at MTD-1","Higher MTD (dose 5), k* at MTD-1 (k*=4, MTD=5)",300,CRM,Recommended,6,False,1.5276666666666645,0.11679307497795881,1.301641666666666,1.7630666666666643
"Higher MTD (dose 5), k* at MTD-1","Higher MTD (dose 5), k* at MTD-1 (k*=4, MTD=5)",300,CRM,Allocated,1,False,0.006333333333333333,0.001563143761276747,0.0033333333333333344,0.009341666666666661
"Higher MTD (dose 5), k* at MTD-1","Higher MTD (dose 5), k* at MTD-1 (k*=4, MTD=5)",300,CRM,Allocated,2,False,0.005,0.0014497185226470784,0.002333333333333334,0.007999999999999998
"Higher MTD (dose 5), k* at MTD-1","Higher MTD (dose 5), k* at MTD-1 (k*=4, MTD=5)",300,CRM,Allocated,3,False,0.46833333333333044,0.008380599381998683,0.4539916666666626,0.48566666666666264
"Higher MTD (dose 5), k* at MTD-1","Higher MTD (dose 5), k* at MTD-1 (k*=4, MTD=5)",300,CRM,Allocated,4,True,0.24000000000000019,0.017770406579948664,0.20865833333333345,0.27834166666666693
"Higher MTD (dose 5), k* at MTD-1","Higher MTD (dose 5), k* at MTD-1 (k*=4, MTD=5)",300,CRM,Allocated,5,False,97.75266666666657,0.11302451368434185,97.52688333333325,97.97737500000002
"Higher MTD (dose 5), k* at MTD-1","Higher MTD (dose 5), k* at MTD-1 (k*=4, MTD=5)",300,CRM,Allocated,6,False,1.5276666666666645,0.11535976261604695,1.3049499999999983,1.754866666666663
"Higher MTD (dose 5), k* at MTD-1","Higher MTD (dose 5), k* at MTD-1 (k*=4, MTD=5)",300,UCB,Recommended,1,False,0.3359999999999983,0.001551054226536857,0.33366666666666517,0.3393333333333316
"Higher MTD (dose 5), k* at MTD-1","Higher MTD (dose 5), k* at MTD-1 (k*=4, MTD=5)",300,UCB,Recommended,2,False,0.3919999999999959,0.01280673439168241,0.37032499999999646,0.41899999999999454
"Higher MTD (dose 5), k* at MTD-1","Higher MTD (dose 5), k* at MTD-1 (k*=4, MTD=5)",300,UCB,Recommended,3,False,0.9056666666666765,0.05792098508660233,0.7976583333333392,1.0236750000000119
"Higher MTD (dose 5), k* at MTD-1","Higher MTD (dose 5), k* at MTD-1 (k*=4, MTD=5)",300,UCB,Recommended,4,True,50.550000000000125,1.1520121582997909,48.233650000000004,52.693358333333386
"Higher MTD (dose 5), k* at MTD-1","Higher MTD (dose 5), k* at MTD-1 (k*=4, MTD=5)",300,UCB,Recommended,5,False,47.05933333333337,1.1487788455149153,44.99633333333335,49.34118333333337
"Higher MTD (dose 5), k* at MTD-1","Higher MTD (dose 5), k* at MTD-1 (k*=4, MTD=5)",300,UCB,Recommended,6,False,0.7570000000000074,0.034748437191053964,0.6943166666666689,0.8276833333333405
"Higher MTD (dose 5), k* at MTD-1","Higher MTD (dose 5), k* at MTD-1 (k*=4, MTD=5)",300,UCB,Allocated,1,False,6.927333333333334,0.016530632559367306,6.895000000000005,6.959999999999999
"Higher MTD (dose 5), k* at MTD-1","Higher MTD (dose 5), k* at MTD-1 (k*=4, MTD=5)",300,UCB,Allocated,2,False,8.446666666666664,0.024973318436781,8.399666666666668,8.49701666666667
"Higher MTD (dose 5), k* at MTD-1","Higher MTD (dose 5), k* at MTD-1 (k*=4, MTD=5)",300,UCB,Allocated,3,False,11.822000000000008,0.039750662814526994,11.745974999999998,11.89734166666667
"Higher MTD (dose 5), k* at MTD-1","Higher MTD (dose 5), k* at MTD-1 (k*=4, MTD=5)",300,UCB,Allocated,4,True,24.35533333333333,0.07339484194441974,24.201641666666657,24.499724999999987
"Higher MTD (dose 5), k* at MTD-1","Higher MTD (dose 5), k* at MTD-1 (k*=4, MTD=5)",300,UCB,Allocated,5,False,24.188666666666645,0.07559854152497125,24.036666666666694,24.332366666666694
"Higher MTD (dose 5), k* at MTD-1","Higher MTD (dose 5), k* at MTD-1 (k*=4, MTD=5)",300,UCB,Allocated,6,False,24.26000000000001,0.0754716931395759,24.116333333333337,24.415358333333323
"Higher MTD (dose 5), k* at MTD-1","Higher MTD (dose 5), k* at MTD-1 (k*=4, MTD=5)",300,SEEDA,Recommended,1,False,0.5786666666666658,0.015280347790026239,0.5499999999999975,0.6080083333333329
"Higher MTD (dose 5), k* at MTD-1","Higher MTD (dose 5), k* at MTD-1 (k*=4, MTD=5)",300,SEEDA,Recommended,2,False,0.6006666666666671,0.0194080393764257,0.5643249999999982,0.6380083333333332
"Higher MTD (dose 5), k* at MTD-1","Higher MTD (dose 5), k* at MTD-1 (k*=4, MTD=5)",300,SEEDA,Recommended,3,False,0.8423333333333342,0.044229861921268425,0.7556416666666679,0.9350083333333341
"Higher MTD (dose 5), k* at MTD-1","Higher MTD (dose 5), k* at MTD-1 (k*=4, MTD=5)",300,SEEDA,Recommended,4,True,48.65299999999995,1.0753566199956643,46.50062500000003,50.60867499999997
"Higher MTD (dose 5), k* at MTD-1","Higher MTD (dose 5), k* at MTD-1 (k*=4, MTD=5)",300,SEEDA,Recommended,5,False,49.325333333333404,1.0742032951703382,47.39337500000003,51.47345000000009
"Higher MTD (dose 5), k* at MTD-1","Higher MTD (dose 5), k* at MTD-1 (k*=4, MTD=5)",300,SEEDA,Recommended,6,False,0.0,0.0,0.0,0.0
"Higher MTD (dose 5), k* at MTD-1","Higher MTD (dose 5), k* at MTD-1 (k*=4, MTD=5)",300,SEEDA,Allocated,1,False,2.1106666666666705,0.015124093959870358,2.082983333333337,2.140666666666667
"Higher MTD (dose 5), k* at MTD-1","Higher MTD (dose 5), k* at MTD-1 (k*=4, MTD=5)",300,SEEDA,Allocated,2,False,2.90766666666667,0.026144951716881297,2.855316666666667,2.9566916666666647
"Higher MTD (dose 5), k* at MTD-1","Higher MTD (dose 5), k* at MTD-1 (k*=4, MTD=5)",300,SEEDA,Allocated,3,False,5.447000000000002,0.057743863150202246,5.338616666666663,5.55636666666667
"Higher MTD (dose 5), k* at MTD-1","Higher MTD (dose 5), k* at MTD-1 (k*=4, MTD=5)",300,SEEDA,Allocated,4,True,44.485,0.39125076235955836,43.76522499999999,45.249149999999986
"Higher MTD (dose 5), k* at MTD-1","Higher MTD (dose 5), k* at MTD-1 (k*=4, MTD=5)",300,SEEDA,Allocated,5,False,44.71633333333337,0.3973698407043622,43.95554166666667,45.43202499999998
"Higher MTD (dose 5), k* at MTD-1","Higher MTD (dose 5), k* at MTD-1 (k*=4, MTD=5)",300,SEEDA,Allocated,6,False,0.3333333333333318,7.220060593319288e-16,0.3333333333333318,0.3333333333333318
"Higher MTD (dose 5), k* at MTD-1","Higher MTD (dose 5), k* at MTD-1 (k*=4, MTD=5)",300,SEEDA Plateau,Recommended,1,False,0.488999999999994,0.0179137767423552,0.4569916666666606,0.5230083333333273
"Higher MTD (dose 5), k* at MTD-1","Higher MTD (dose 5), k* at MTD-1 (k*=4, MTD=5)",300,SEEDA Plateau,Recommended,2,False,0.528333333333327,0.02176734227054152,0.4876583333333279,0.571674999999999
"Higher MTD (dose 5), k* at MTD-1","Higher MTD (dose 5), k* at MTD-1 (k*=4, MTD=5)",300,SEEDA Plateau,Recommended,3,False,1.6336666666666577,0.09173755542347325,1.4662999999999928,1.8223333333333163
"Higher MTD (dose 5), k* at MTD-1","Higher MTD (dose 5), k* at MTD-1 (k*=4, MTD=5)",300,SEEDA Plateau,Recommended,4,True,95.14699999999971,0.2704745199939565,94.59458333333296,95.65069999999953
"Higher MTD (dose 5), k* at MTD-1","Higher MTD (dose 5), k* at MTD-1 (k*=4, MTD=5)",300,SEEDA Plateau,Recommended,5,False,2.2020000000000217,0.2551820250775811,1.7505666666666877,2.7154083333333374
"Higher MTD (dose 5), k* at MTD-1","Higher MTD (dose 5), k* at MTD-1 (k*=4, MTD=5)",300,SEEDA Plateau,Recommended,6,False,0.0,0.0,0.0,0.0
"Higher MTD (dose 5), k* at MTD-1","Higher MTD (dose 5), k* at MTD-1 (k*=4, MTD=5)",300,SEEDA Plateau,Allocated,1,False,0.4983333333333286,0.010577684385654441,0.4776583333333286,0.5186666666666623
"Higher MTD (dose 5), k* at MTD-1","Higher MTD (dose 5), k* at MTD-1 (k*=4, MTD=5)",300,SEEDA Plateau,Allocated,2,False,0.6056666666666669,0.015122440418273113,0.5736583333333316,0.6363333333333342
"Higher MTD (dose 5), k* at MTD-1","Higher MTD (dose 5), k* at MTD-1 (k*=4, MTD=5)",300,SEEDA Plateau,Allocated,3,False,2.357333333333331,0.07660077421896246,2.1946499999999958,2.5026916666666654
"Higher MTD (dose 5), k* at MTD-1","Higher MTD (dose 5), k* at MTD-1 (k*=4, MTD=5)",300,SEEDA Plateau,Allocated,4,True,20.005333333333326,0.736554697577675,18.506775000000008,21.417691666666624
"Higher MTD (dose 5), k* at MTD-1","Higher MTD (dose 5), k* at MTD-1 (k*=4, MTD=5)",300,SEEDA Plateau,Allocated,5,False,76.19999999999992,0.798005454764734,74.6340000000001,77.79340833333328
"Higher MTD (dose 5), k* at MTD-1","Higher MTD (dose 5), k* at MTD-1 (k*=4, MTD=5)",300,SEEDA Plateau,Allocated,6,False,0.3333333333333318,7.220060593319288e-16,0.3333333333333318,0.3333333333333318
"Higher MTD (dose 5), k* at MTD-1","Higher MTD (dose 5), k* at MTD-1 (k*=4, MTD=5)",300,SEEDA Plateau (ours),Recommended,1,False,3.295333333333331,0.08346633851505393,3.1333250000000015,3.4683416666666695
"Higher MTD (dose 5), k* at MTD-1","Higher MTD (dose 5), k* at MTD-1 (k*=4, MTD=5)",300,SEEDA Plateau (ours),Recommended,2,False,2.943000000000013,0.19183551286916878,2.5793250000000025,3.3285666666666835
"Higher MTD (dose 5), k* at MTD-1","Higher MTD (dose 5), k* at MTD-1 (k*=4, MTD=5)",300,SEEDA Plateau (ours),Recommended,3,False,4.7610000000000054,0.24490265711528833,4.286258333333339,5.250933333333325
"Higher MTD (dose 5), k* at MTD-1","Higher MTD (dose 5), k* at MTD-1 (k*=4, MTD=5)",300,SEEDA Plateau (ours),Recommended,4,True,78.55833333333338,0.6916511882470396,77.17340833333334,79.91146666666673
"Higher MTD (dose 5), k* at MTD-1","Higher MTD (dose 5), k* at MTD-1 (k*=4, MTD=5)",300,SEEDA Plateau (ours),Recommended,5,False,10.441999999999991,0.6714427278572229,9.155866666666661,11.825141666666672
"Higher MTD (dose 5), k* at MTD-1","Higher MTD (dose 5), k* at MTD-1 (k*=4, MTD=5)",300,SEEDA Plateau (ours),Recommended,6,False,0.0003333333333333334,0.00032624682764450353,0.0,0.001
"Higher MTD (dose 5), k* at MTD-1","Higher MTD (dose 5), k* at MTD-1 (k*=4, MTD=5)",300,SEEDA Plateau (ours),Allocated,1,False,1.0500000000000012,0.023081823763622084,1.008333333333334,1.1013333333333337
"Higher MTD (dose 5), k* at MTD-1","Higher MTD (dose 5), k* at MTD-1 (k*=4, MTD=5)",300,SEEDA Plateau (ours),Allocated,2,False,1.273000000000002,0.027056408306586024,1.2240000000000004,1.3286750000000023
"Higher MTD (dose 5), k* at MTD-1","Higher MTD (dose 5), k* at MTD-1 (k*=4, MTD=5)",300,SEEDA Plateau (ours),Allocated,3,False,4.9239999999999995,0.07462204241071735,4.775316666666667,5.059791666666672
"Higher MTD (dose 5), k* at MTD-1","Higher MTD (dose 5), k* at MTD-1 (k*=4, MTD=5)",300,SEEDA Plateau (ours),Allocated,4,True,52.44966666666668,0.6150624244604791,51.25486666666664,53.6003583333333
"Higher MTD (dose 5), k* at MTD-1","Higher MTD (dose 5), k* at MTD-1 (k*=4, MTD=5)",300,SEEDA Plateau (ours),Allocated,5,False,39.964666666666695,0.653885769766075,38.75897500000002,41.26838333333335
"Higher MTD (dose 5), k* at MTD-1","Higher MTD (dose 5), k* at MTD-1 (k*=4, MTD=5)",300,SEEDA Plateau (ours),Allocated,6,False,0.33866666666666495,0.0052844607601459865,0.3333333333333318,0.3493333333333313
"Higher MTD (dose 5), k* at MTD-1","Higher MTD (dose 5), k* at MTD-1 (k*=4, MTD=5)",300,SEEDA Plateau (fixed),Recommended,1,False,45.53866666666668,1.0236264109724607,43.55663333333331,47.42934166666673
"Higher MTD (dose 5), k* at MTD-1","Higher MTD (dose 5), k* at MTD-1 (k*=4, MTD=5)",300,SEEDA Plateau (fixed),Recommended,2,False,0.3299999999999988,0.0023028268160409857,0.3256666666666657,0.33499999999999824
"Higher MTD (dose 5), k* at MTD-1","Higher MTD (dose 5), k* at MTD-1 (k*=4, MTD=5)",300,SEEDA Plateau (fixed),Recommended,3,False,0.4843333333333301,0.0952547771237679,0.36733333333333057,0.6980083333333443
"Higher MTD (dose 5), k* at MTD-1","Higher MTD (dose 5), k* at MTD-1 (k*=4, MTD=5)",300,SEEDA Plateau (fixed),Recommended,4,True,51.49799999999998,1.04845324037133,49.42028333333339,53.529883333333466
"Higher MTD (dose 5), k* at MTD-1","Higher MTD (dose 5), k* at MTD-1 (k*=4, MTD=5)",300,SEEDA Plateau (fixed),Recommended,5,False,2.1490000000000165,0.22731531601402857,1.7193250000000186,2.6509499999999946
"Higher MTD (dose 5), k* at MTD-1","Higher MTD (dose 5), k* at MTD-1 (k*=4, MTD=5)",300,SEEDA Plateau (fixed),Recommended,6,False,0.0,0.0,0.0,0.0
"Higher MTD (dose 5), k* at MTD-1","Higher MTD (dose 5), k* at MTD-1 (k*=4, MTD=5)",300,SEEDA Plateau (fixed),Allocated,1,False,0.44733333333332914,0.009375799518793804,0.4296583333333291,0.4653333333333294
"Higher MTD (dose 5), k* at MTD-1","Higher MTD (dose 5), k* at MTD-1 (k*=4, MTD=5)",300,SEEDA Plateau (fixed),Allocated,2,False,0.6026666666666664,0.01666007383450923,0.5696583333333318,0.6360083333333338
"Higher MTD (dose 5), k* at MTD-1","Higher MTD (dose 5), k* at MTD-1 (k*=4, MTD=5)",300,SEEDA Plateau (fixed),Allocated,3,False,4.677666666666659,0.0684667823283197,4.550325000000006,4.8103583333333395
"Higher MTD (dose 5), k* at MTD-1","Higher MTD (dose 5), k* at MTD-1 (k*=4, MTD=5)",300,SEEDA Plateau (fixed),Allocated,4,True,46.56133333333336,0.37922065361242974,45.85054999999996,47.33218333333334
"Higher MTD (dose 5), k* at MTD-1","Higher MTD (dose 5), k* at MTD-1 (k*=4, MTD=5)",300,SEEDA Plateau (fixed),Allocated,5,False,47.37766666666668,0.4056872677662854,46.548274999999975,48.1567333333333
"Higher MTD (dose 5), k* at MTD-1","Higher MTD (dose 5), k* at MTD-1 (k*=4, MTD=5)",300,SEEDA Plateau (fixed),Allocated,6,False,0.3333333333333318,7.220060593319288e-16,0.3333333333333318,0.3333333333333318
"Step-function, unsafe tail (misspecified)","Step-function, unsafe tail (misspecified) (k*=4, MTD=4, nominal grid 5)",100,3 + 3,Recommended,1,False,2.921,0.43096476018872404,2.2319500000000003,3.905
"Step-function, unsafe tail (misspecified)","Step-function, unsafe tail (misspecified) (k*=4, MTD=4, nominal grid 5)",100,3 + 3,Recommended,2,False,2.205,0.323550154694141,1.622,2.890075
"Step-function, unsafe tail (misspecified)","Step-function, unsafe tail (misspecified) (k*=4, MTD=4, nominal grid 5)",100,3 + 3,Recommended,3,False,1.707,0.25626498922151,1.231,2.268
"Step-function, unsafe tail (misspecified)","Step-function, unsafe tail (misspecified) (k*=4, MTD=4, nominal grid 5)",100,3 + 3,Recommended,4,True,76.311,1.2348571603349232,73.772725,78.681125
"Step-function, unsafe tail (misspecified)","Step-function, unsafe tail (misspecified) (k*=4, MTD=4, nominal grid 5)",100,3 + 3,Recommended,5,False,16.613,1.1314887384487031,14.564974999999999,18.9711
"Step-function, unsafe tail (misspecified)","Step-function, unsafe tail (misspecified) (k*=4, MTD=4, nominal grid 5)",100,3 + 3,Recommended,6,False,0.243,0.020268783846067322,0.205,0.28302499999999997
"Step-function, unsafe tail (misspecified)","Step-function, unsafe tail (misspecified) (k*=4, MTD=4, nominal grid 5)",100,3 + 3,Allocated,1,False,2.921,0.41215352669310706,2.134975,3.717
"Step-function, unsafe tail (misspecified)","Step-function, unsafe tail (misspecified) (k*=4, MTD=4, nominal grid 5)",100,3 + 3,Allocated,2,False,2.205,0.3324234029349001,1.538,2.8770499999999997
"Step-function, unsafe tail (misspecified)","Step-function, unsafe tail (misspecified) (k*=4, MTD=4, nominal grid 5)",100,3 + 3,Allocated,3,False,1.707,0.2520777698112886,1.229975,2.2028749999999984
"Step-function, unsafe tail (misspecified)","Step-function, unsafe tail (misspecified) (k*=4, MTD=4, nominal grid 5)",100,3 + 3,Allocated,4,True,76.311,1.1808548865521509,74.0359,78.58212499999999
"Step-function, unsafe tail (misspecified)","Step-function, unsafe tail (misspecified) (k*=4, MTD=4, nominal grid 5)",100,3 + 3,Allocated,5,False,16.613,1.0640441146253619,14.479375000000001,18.585
"Step-function, unsafe tail (misspecified)","Step-function, unsafe tail (misspecified) (k*=4, MTD=4, nominal grid 5)",100,3 + 3,Allocated,6,False,0.243,0.019290098052702636,0.206,0.280025
"Step-function, unsafe tail (misspecified)","Step-function, unsafe tail (misspecified) (k*=4, MTD=4, nominal grid 5)",100,CRM,Recommended,1,False,0.001,0.0009841588126763743,0.0,0.003
"Step-function, unsafe tail (misspecified)","Step-function, unsafe tail (misspecified) (k*=4, MTD=4, nominal grid 5)",100,CRM,Recommended,2,False,0.0,0.0,0.0,0.0
"Step-function, unsafe tail (misspecified)","Step-function, unsafe tail (misspecified) (k*=4, MTD=4, nominal grid 5)",100,CRM,Recommended,3,False,1.242,0.014724953659019085,1.215,1.272
"Step-function, unsafe tail (misspecified)","Step-function, unsafe tail (misspecified) (k*=4, MTD=4, nominal grid 5)",100,CRM,Recommended,4,True,21.679,0.23888153093494227,21.233900000000002,22.17305
"Step-function, unsafe tail (misspecified)","Step-function, unsafe tail (misspecified) (k*=4, MTD=4, nominal grid 5)",100,CRM,Recommended,5,False,73.827,0.42994618490331177,73.03385,74.665075
"Step-function, unsafe tail (misspecified)","Step-function, unsafe tail (misspecified) (k*=4, MTD=4, nominal grid 5)",100,CRM,Recommended,6,False,3.251,0.5142312752793973,2.22195,4.2201249999999995
"Step-function, unsafe tail (misspecified)","Step-function, unsafe tail (misspecified) (k*=4, MTD=4, nominal grid 5)",100,CRM,Allocated,1,False,0.001,0.0009705116655109867,0.0,0.003
"Step-function, unsafe tail (misspecified)","Step-function, unsafe tail (misspecified) (k*=4, MTD=4, nominal grid 5)",100,CRM,Allocated,2,False,0.0,0.0,0.0,0.0
"Step-function, unsafe tail (misspecified)","Step-function, unsafe tail (misspecified) (k*=4, MTD=4, nominal grid 5)",100,CRM,Allocated,3,False,1.242,0.015376112149201577,1.212,1.273
"Step-function, unsafe tail (misspecified)","Step-function, unsafe tail (misspecified) (k*=4, MTD=4, nominal grid 5)",100,CRM,Allocated,4,True,21.679,0.23828901800145993,21.1869,22.1074
"Step-function, unsafe tail (misspecified)","Step-function, unsafe tail (misspecified) (k*=4, MTD=4, nominal grid 5)",100,CRM,Allocated,5,False,73.827,0.41767423986480995,72.98689999999999,74.617225
"Step-function, unsafe tail (misspecified)","Step-function, unsafe tail (misspecified) (k*=4, MTD=4, nominal grid 5)",100,CRM,Allocated,6,False,3.251,0.5051381113621805,2.270525,4.2452749999999995
"Step-function, unsafe tail (misspecified)","Step-function, unsafe tail (misspecified) (k*=4, MTD=4, nominal grid 5)",100,UCB,Recommended,1,False,1.048,0.016258481547248595,1.018,1.082
"Step-function, unsafe tail (misspecified)","Step-function, unsafe tail (misspecified) (k*=4, MTD=4, nominal grid 5)",100,UCB,Recommended,2,False,1.37,0.0659781569020247,1.243975,1.501
"Step-function, unsafe tail (misspecified)","Step-function, unsafe tail (misspecified) (k*=4, MTD=4, nominal grid 5)",100,UCB,Recommended,3,False,3.883,0.2677513310878199,3.3769,4.393425
"Step-function, unsafe tail (misspecified)","Step-function, unsafe tail (misspecified) (k*=4, MTD=4, nominal grid 5)",100,UCB,Recommended,4,True,83.848,0.4184503168162783,83.006825,84.64005
"Step-function, unsafe tail (misspecified)","Step-function, unsafe tail (misspecified) (k*=4, MTD=4, nominal grid 5)",100,UCB,Recommended,5,False,4.624,0.25206837167720975,4.164925,5.157175
"Step-function, unsafe tail (misspecified)","Step-function, unsafe tail (misspecified) (k*=4, MTD=4, nominal grid 5)",100,UCB,Recommended,6,False,5.227,0.26145349223064424,4.72785,5.7540249999999995
"Step-function, unsafe tail (misspecified)","Step-function, unsafe tail (misspecified) (k*=4, MTD=4, nominal grid 5)",100,UCB,Allocated,1,False,9.508,0.025882148222212853,9.457975,9.558
"Step-function, unsafe tail (misspecified)","Step-function, unsafe tail (misspecified) (k*=4, MTD=4, nominal grid 5)",100,UCB,Allocated,2,False,10.998,0.036616730615402576,10.928975,11.071025
"Step-function, unsafe tail (misspecified)","Step-function, unsafe tail (misspecified) (k*=4, MTD=4, nominal grid 5)",100,UCB,Allocated,3,False,13.761,0.052691654694785116,13.660974999999999,13.863
"Step-function, unsafe tail (misspecified)","Step-function, unsafe tail (misspecified) (k*=4, MTD=4, nominal grid 5)",100,UCB,Allocated,4,True,21.911,0.07630166393283254,21.767,22.061025
"Step-function, unsafe tail (misspecified)","Step-function, unsafe tail (misspecified) (k*=4, MTD=4, nominal grid 5)",100,UCB,Allocated,5,False,21.988,0.07756011286161926,21.838,22.132
"Step-function, unsafe tail (misspecified)","Step-function, unsafe tail (misspecified) (k*=4, MTD=4, nominal grid 5)",100,UCB,Allocated,6,False,21.834,0.07388687519665674,21.699,21.981025000000002
"Step-function, unsafe tail (misspecified)","Step-function, unsafe tail (misspecified) (k*=4, MTD=4, nominal grid 5)",100,SEEDA,Recommended,1,False,5.847,0.26756588290118866,5.337,6.3701
"Step-function, unsafe tail (misspecified)","Step-function, unsafe tail (misspecified) (k*=4, MTD=4, nominal grid 5)",100,SEEDA,Recommended,2,False,12.185,0.4346669388897246,11.3579,13.028175000000001
"Step-function, unsafe tail (misspecified)","Step-function, unsafe tail (misspecified) (k*=4, MTD=4, nominal grid 5)",100,SEEDA,Recommended,3,False,14.149,0.48852988599830144,13.266549999999999,15.240599999999999
"Step-function, unsafe tail (misspecified)","Step-function, unsafe tail (misspecified) (k*=4, MTD=4, nominal grid 5)",100,SEEDA,Recommended,4,True,45.684,0.9743833335914468,43.789875,47.578225
"Step-function, unsafe tail (misspecified)","Step-function, unsafe tail (misspecified) (k*=4, MTD=4, nominal grid 5)",100,SEEDA,Recommended,5,False,22.135,0.4188178737474921,21.29495,22.98725
"Step-function, unsafe tail (misspecified)","Step-function, unsafe tail (misspecified) (k*=4, MTD=4, nominal grid 5)",100,SEEDA,Recommended,6,False,0.0,0.0,0.0,0.0
"Step-function, unsafe tail (misspecified)","Step-function, unsafe tail (misspecified) (k*=4, MTD=4, nominal grid 5)",100,SEEDA,Allocated,1,False,7.753,0.1439542574995691,7.4769250000000005,8.058
"Step-function, unsafe tail (misspecified)","Step-function, unsafe tail (misspecified) (k*=4, MTD=4, nominal grid 5)",100,SEEDA,Allocated,2,False,11.877,0.23236350763120844,11.431,12.346
"Step-function, unsafe tail (misspecified)","Step-function, unsafe tail (misspecified) (k*=4, MTD=4, nominal grid 5)",100,SEEDA,Allocated,3,False,16.413,0.2506710793171122,15.942825,16.881225
"Step-function, unsafe tail (misspecified)","Step-function, unsafe tail (misspecified) (k*=4, MTD=4, nominal grid 5)",100,SEEDA,Allocated,4,True,34.12,0.4459838473567207,33.241899999999994,35.018225
"Step-function, unsafe tail (misspecified)","Step-function, unsafe tail (misspecified) (k*=4, MTD=4, nominal grid 5)",100,SEEDA,Allocated,5,False,28.837,0.1895101744768081,28.4649,29.205
"Step-function, unsafe tail (misspecified)","Step-function, unsafe tail (misspecified) (k*=4, MTD=4, nominal grid 5)",100,SEEDA,Allocated,6,False,1.0,0.0,1.0,1.0
"Step-function, unsafe tail (misspecified)","Step-function, unsafe tail (misspecified) (k*=4, MTD=4, nominal grid 5)",100,SEEDA Plateau,Recommended,1,False,17.538,0.5244862951964033,16.5208,18.583425
"Step-function, unsafe tail (misspecified)","Step-function, unsafe tail (misspecified) (k*=4, MTD=4, nominal grid 5)",100,SEEDA Plateau,Recommended,2,False,21.308,0.476195222707168,20.369875,22.23945
"Step-function, unsafe tail (misspecified)","Step-function, unsafe tail (misspecified) (k*=4, MTD=4, nominal grid 5)",100,SEEDA Plateau,Recommended,3,False,12.342,0.4075716080969413,11.532874999999999,13.145075
"Step-function, unsafe tail (misspecified)","Step-function, unsafe tail (misspecified) (k*=4, MTD=4, nominal grid 5)",100,SEEDA Plateau,Recommended,4,True,46.089,0.6073264688112309,44.907625,47.345
"Step-function, unsafe tail (misspecified)","Step-function, unsafe tail (misspecified) (k*=4, MTD=4, nominal grid 5)",100,SEEDA Plateau,Recommended,5,False,2.723,0.14361851591669522,2.45595,3.0100749999999996
"Step-function, unsafe tail (misspecified)","Step-function, unsafe tail (misspecified) (k*=4, MTD=4, nominal grid 5)",100,SEEDA Plateau,Recommended,6,False,0.0,0.0,0.0,0.0
"Step-function, unsafe tail (misspecified)","Step-function, unsafe tail (misspecified) (k*=4, MTD=4, nominal grid 5)",100,SEEDA Plateau,Allocated,1,False,10.091,0.19997617534773166,9.691,10.477175
"Step-function, unsafe tail (misspecified)","Step-function, unsafe tail (misspecified) (k*=4, MTD=4, nominal grid 5)",100,SEEDA Plateau,Allocated,2,False,15.524,0.29886510465723815,14.976975,16.139
"Step-function, unsafe tail (misspecified)","Step-function, unsafe tail (misspecified) (k*=4, MTD=4, nominal grid 5)",100,SEEDA Plateau,Allocated,3,False,18.932,0.2753757400883913,18.377975,19.4491
"Step-function, unsafe tail (misspecified)","Step-function, unsafe tail (misspecified) (k*=4, MTD=4, nominal grid 5)",100,SEEDA Plateau,Allocated,4,True,24.469,0.48709817450551646,23.533749999999998,25.386174999999998
"Step-function, unsafe tail (misspecified)","Step-function, unsafe tail (misspecified) (k*=4, MTD=4, nominal grid 5)",100,SEEDA Plateau,Allocated,5,False,29.984,0.16906113301908787,29.663925000000003,30.327025000000003
"Step-function, unsafe tail (misspecified)","Step-function, unsafe tail (misspecified) (k*=4, MTD=4, nominal grid 5)",100,SEEDA Plateau,Allocated,6,False,1.0,0.0,1.0,1.0
"Step-function, unsafe tail (misspecified)","Step-function, unsafe tail (misspecified) (k*=4, MTD=4, nominal grid 5)",100,SEEDA Plateau (ours),Recommended,1,False,23.546,0.49600224495661555,22.569825,24.46405
"Step-function, unsafe tail (misspecified)","Step-function, unsafe tail (misspecified) (k*=4, MTD=4, nominal grid 5)",100,SEEDA Plateau (ours),Recommended,2,False,13.794,0.43695434209087786,12.9388,14.636375
"Step-function, unsafe tail (misspecified)","Step-function, unsafe tail (misspecified) (k*=4, MTD=4, nominal grid 5)",100,SEEDA Plateau (ours),Recommended,3,False,17.443,0.6629167120220143,16.112825,18.714599999999997
"Step-function, unsafe tail (misspecified)","Step-function, unsafe tail (misspecified) (k*=4, MTD=4, nominal grid 5)",100,SEEDA Plateau (ours),Recommended,4,True,40.547,0.7145366420582252,39.1048,41.970075
"Step-function, unsafe tail (misspecified)","Step-function, unsafe tail (misspecified) (k*=4, MTD=4, nominal grid 5)",100,SEEDA Plateau (ours),Recommended,5,False,4.578,0.27163324402263095,4.051975,5.135025
"Step-function, unsafe tail (misspecified)","Step-function, unsafe tail (misspecified) (k*=4, MTD=4, nominal grid 5)",100,SEEDA Plateau (ours),Recommended,6,False,0.092,0.04453342323227332,0.017,0.18702499999999997
"Step-function, unsafe tail (misspecified)","Step-function, unsafe tail (misspecified) (k*=4, MTD=4, nominal grid 5)",100,SEEDA Plateau (ours),Allocated,1,False,9.999,0.25043367772314074,9.541775,10.514149999999999
"Step-function, unsafe tail (misspecified)","Step-function, unsafe tail (misspecified) (k*=4, MTD=4, nominal grid 5)",100,SEEDA Plateau (ours),Allocated,2,False,13.365,0.3175322198055097,12.71485,13.95705
"Step-function, unsafe tail (misspecified)","Step-function, unsafe tail (misspecified) (k*=4, MTD=4, nominal grid 5)",100,SEEDA Plateau (ours),Allocated,3,False,13.737,0.26685315078350325,13.233975,14.2531
"Step-function, unsafe tail (misspecified)","Step-function, unsafe tail (misspecified) (k*=4, MTD=4, nominal grid 5)",100,SEEDA Plateau (ours),Allocated,4,True,33.178,0.5128379544520146,32.218825,34.157399999999996
"Step-function, unsafe tail (misspecified)","Step-function, unsafe tail (misspecified) (k*=4, MTD=4, nominal grid 5)",100,SEEDA Plateau (ours),Allocated,5,False,28.494,0.18369172220000757,28.1289,28.8421
"Step-function, unsafe tail (misspecified)","Step-function, unsafe tail (misspecified) (k*=4, MTD=4, nominal grid 5)",100,SEEDA Plateau (ours),Allocated,6,False,1.227,0.06245745679187478,1.113,1.364025
"Step-function, unsafe tail (misspecified)","Step-function, unsafe tail (misspecified) (k*=4, MTD=4, nominal grid 5)",100,SEEDA Plateau (fixed),Recommended,1,False,71.075,0.855650037911749,69.3773,72.70192499999999
"Step-function, unsafe tail (misspecified)","Step-function, unsafe tail (misspecified) (k*=4, MTD=4, nominal grid 5)",100,SEEDA Plateau (fixed),Recommended,2,False,0.99,0.031867632827400585,0.937,1.0590249999999999
"Step-function, unsafe tail (misspecified)","Step-function, unsafe tail (misspecified) (k*=4, MTD=4, nominal grid 5)",100,SEEDA Plateau (fixed),Recommended,3,False,2.821,0.2532598140436209,2.36385,3.351075
"Step-function, unsafe tail (misspecified)","Step-function, unsafe tail (misspecified) (k*=4, MTD=4, nominal grid 5)",100,SEEDA Plateau (fixed),Recommended,4,True,21.208,0.8208764272854188,19.600775,22.713525
"Step-function, unsafe tail (misspecified)","Step-function, unsafe tail (misspecified) (k*=4, MTD=4, nominal grid 5)",100,SEEDA Plateau (fixed),Recommended,5,False,3.906,0.2526768063742288,3.45,4.4571
"Step-function, unsafe tail (misspecified)","Step-function, unsafe tail (misspecified) (k*=4, MTD=4, nominal grid 5)",100,SEEDA Plateau (fixed),Recommended,6,False,0.0,0.0,0.0,0.0
"Step-function, unsafe tail (misspecified)","Step-function, unsafe tail (misspecified) (k*=4, MTD=4, nominal grid 5)",100,SEEDA Plateau (fixed),Allocated,1,False,6.97,0.2065802372576462,6.573925,7.3752249999999995
"Step-function, unsafe tail (misspecified)","Step-function, unsafe tail (misspecified) (k*=4, MTD=4, nominal grid 5)",100,SEEDA Plateau (fixed),Allocated,2,False,11.434,0.2730993349438017,10.880675,11.961075000000001
"Step-function, unsafe tail (misspecified)","Step-function, unsafe tail (misspecified) (k*=4, MTD=4, nominal grid 5)",100,SEEDA Plateau (fixed),Allocated,3,False,16.178,0.2655812609752072,15.650974999999999,16.693275
"Step-function, unsafe tail (misspecified)","Step-function, unsafe tail (misspecified) (k*=4, MTD=4, nominal grid 5)",100,SEEDA Plateau (fixed),Allocated,4,True,34.861,0.4968801943401725,33.898625,35.8212
"Step-function, unsafe tail (misspecified)","Step-function, unsafe tail (misspecified) (k*=4, MTD=4, nominal grid 5)",100,SEEDA Plateau (fixed),Allocated,5,False,29.557,0.19770190702175855,29.17985,29.974125
"Step-function, unsafe tail (misspecified)","Step-function, unsafe tail (misspecified) (k*=4, MTD=4, nominal grid 5)",100,SEEDA Plateau (fixed),Allocated,6,False,1.0,0.0,1.0,1.0
"Step-function, unsafe tail (misspecified)","Step-function, unsafe tail (misspecified) (k*=4, MTD=4, nominal grid 5)",300,3 + 3,Recommended,1,False,1.0456666666666818,0.272649001074856,0.6430000000000066,1.6423416666666448
"Step-function, unsafe tail (misspecified)","Step-function, unsafe tail (misspecified) (k*=4, MTD=4, nominal grid 5)",300,3 + 3,Recommended,2,False,1.7293333333333205,0.35820168850691303,1.0409666666666662,2.5190083333333386
"Step-function, unsafe tail (misspecified)","Step-function, unsafe tail (misspecified) (k*=4, MTD=4, nominal grid 5)",300,3 + 3,Recommended,3,False,1.2300000000000098,0.28437263880147756,0.734000000000021,1.730166666666647
"Step-function, unsafe tail (misspecified)","Step-function, unsafe tail (misspecified) (k*=4, MTD=4, nominal grid 5)",300,3 + 3,Recommended,4,True,81.32633333333337,1.1514343197636159,78.7790916666666,83.47390833333326
"Step-function, unsafe tail (misspecified)","Step-function, unsafe tail (misspecified) (k*=4, MTD=4, nominal grid 5)",300,3 + 3,Recommended,5,False,14.59966666666672,1.0696157478392978,12.546991666666699,16.749716666666743
"Step-function, unsafe tail (misspecified)","Step-function, unsafe tail (misspecified) (k*=4, MTD=4, nominal grid 5)",300,3 + 3,Recommended,6,False,0.06900000000000006,0.00575602430639548,0.058000000000000024,0.08033333333333334
"Step-function, unsafe tail (misspecified)","Step-function, unsafe tail (misspecified) (k*=4, MTD=4, nominal grid 5)",300,3 + 3,Allocated,1,False,1.0456666666666818,0.2525973857499901,0.5509583333333302,1.5433333333333132
"Step-function, unsafe tail (misspecified)","Step-function, unsafe tail (misspecified) (k*=4, MTD=4, nominal grid 5)",300,3 + 3,Allocated,2,False,1.7293333333333205,0.35249728188622914,1.0403250000000073,2.518016666666684
"Step-function, unsafe tail (misspecified)","Step-function, unsafe tail (misspecified) (k*=4, MTD=4, nominal grid 5)",300,3 + 3,Allocated,3,False,1.2300000000000098,0.2885067540320623,0.6433083333333388,1.8203416666666363
"Step-function, unsafe tail (misspecified)","Step-function, unsafe tail (misspecified) (k*=4, MTD=4, nominal grid 5)",300,3 + 3,Allocated,4,True,81.32633333333337,1.1986938558251143,78.9692416666666,83.77181666666665
"Step-function, unsafe tail (misspecified)","Step-function, unsafe tail (misspecified) (k*=4, MTD=4, nominal grid 5)",300,3 + 3,Allocated,5,False,14.59966666666672,1.104201225164149,12.36385833333335,16.74635833333342
"Step-function, unsafe tail (misspecified)","Step-function, unsafe tail (misspecified) (k*=4, MTD=4, nominal grid 5)",300,3 + 3,Allocated,6,False,0.06900000000000006,0.005891344030868116,0.057000000000000065,0.080675
"Step-function, unsafe tail (misspecified)","Step-function, unsafe tail (misspecified) (k*=4, MTD=4, nominal grid 5)",300,CRM,Recommended,1,False,0.0006666666666666668,0.0004661800933491148,0.0,0.001666666666666667
"Step-function, unsafe tail (misspecified)","Step-function, unsafe tail (misspecified) (k*=4, MTD=4, nominal grid 5)",300,CRM,Recommended,2,False,0.0,0.0,0.0,0.0
"Step-function, unsafe tail (misspecified)","Step-function, unsafe tail (misspecified) (k*=4, MTD=4, nominal grid 5)",300,CRM,Recommended,3,False,0.4126666666666638,0.005100830327072396,0.40333333333333066,0.42334166666666323
"Step-function, unsafe tail (misspecified)","Step-function, unsafe tail (misspecified) (k*=4, MTD=4, nominal grid 5)",300,CRM,Recommended,4,True,22.271999999999988,0.15556693222769458,21.968108333333333,22.579333333333306
"Step-function, unsafe tail (misspecified)","Step-function, unsafe tail (misspecified) (k*=4, MTD=4, nominal grid 5)",300,CRM,Recommended,5,False,75.3043333333333,0.32392670243898763,74.66369166666658,75.92081666666674
"Step-function, unsafe tail (misspecified)","Step-function, unsafe tail (misspecified) (k*=4, MTD=4, nominal grid 5)",300,CRM,Recommended,6,False,2.0103333333333318,0.39666891006619426,1.2944999999999995,2.8113749999999986
"Step-function, unsafe tail (misspecified)","Step-function, unsafe tail (misspecified) (k*=4, MTD=4, nominal grid 5)",300,CRM,Allocated,1,False,0.0006666666666666668,0.00048681594832680476,0.0,0.001666666666666667
"Step-function, unsafe tail (misspecified)","Step-function, unsafe tail (misspecified) (k*=4, MTD=4, nominal grid 5)",300,CRM,Allocated,2,False,0.0,0.0,0.0,0.0
"Step-function, unsafe tail (misspecified)","Step-function, unsafe tail (misspecified) (k*=4, MTD=4, nominal grid 5)",300,CRM,Allocated,3,False,0.4126666666666638,0.004972478768245912,0.40299999999999764,0.42266666666666347
"Step-function, unsafe tail (misspecified)","Step-function, unsafe tail (misspecified) (k*=4, MTD=4, nominal grid 5)",300,CRM,Allocated,4,True,22.271999999999988,0.1616409815270255,21.949316666666668,22.584458333333316
"Step-function, unsafe tail (misspecified)","Step-function, unsafe tail (misspecified) (k*=4, MTD=4, nominal grid 5)",300,CRM,Allocated,5,False,75.3043333333333,0.32506664580204103,74.66865000000006,75.89200833333335
"Step-function, unsafe tail (misspecified)","Step-function, unsafe tail (misspecified) (k*=4, MTD=4, nominal grid 5)",300,CRM,Allocated,6,False,2.0103333333333318,0.4097908866846726,1.2673083333333328,2.883183333333335
"Step-function, unsafe tail (misspecified)","Step-function, unsafe tail (misspecified) (k*=4, MTD=4, nominal grid 5)",300,UCB,Recommended,1,False,0.35033333333333094,0.006025873393139525,0.3403333333333314,0.3636666666666629
"Step-function, unsafe tail (misspecified)","Step-function, unsafe tail (misspecified) (k*=4, MTD=4, nominal grid 5)",300,UCB,Recommended,2,False,0.4263333333333288,0.01942696913562285,0.39365833333332967,0.4673416666666607
"Step-function, unsafe tail (misspecified)","Step-function, unsafe tail (misspecified) (k*=4, MTD=4, nominal grid 5)",300,UCB,Recommended,3,False,1.4279999999999935,0.11346352430927406,1.2132833333333346,1.652791666666656
"Step-function, unsafe tail (misspecified)","Step-function, unsafe tail (misspecified) (k*=4, MTD=4, nominal grid 5)",300,UCB,Recommended,4,True,94.35066666666651,0.17326300367006703,93.99836666666648,94.67933333333328
"Step-function, unsafe tail (misspecified)","Step-function, unsafe tail (misspecified) (k*=4, MTD=4, nominal grid 5)",300,UCB,Recommended,5,False,1.5963333333333216,0.08205107794371025,1.4439833333333267,1.778041666666657
"Step-function, unsafe tail (misspecified)","Step-function, unsafe tail (misspecified) (k*=4, MTD=4, nominal grid 5)",300,UCB,Recommended,6,False,1.8483333333333196,0.097558648184064,1.6652499999999941,2.040674999999983
"Step-function, unsafe tail (misspecified)","Step-function, unsafe tail (misspecified) (k*=4, MTD=4, nominal grid 5)",300,UCB,Allocated,1,False,6.905333333333336,0.016479107529990655,6.8736666666666615,6.939008333333338
"Step-function, unsafe tail (misspecified)","Step-function, unsafe tail (misspecified) (k*=4, MTD=4, nominal grid 5)",300,UCB,Allocated,2,False,8.414666666666664,0.02599758731308913,8.365983333333322,8.466674999999992
"Step-function, unsafe tail (misspecified)","Step-function, unsafe tail (misspecified) (k*=4, MTD=4, nominal grid 5)",300,UCB,Allocated,3,False,11.770333333333324,0.04075071769365669,11.692633333333324,11.852066666666678
"Step-function, unsafe tail (misspecified)","Step-function, unsafe tail (misspecified) (k*=4, MTD=4, nominal grid 5)",300,UCB,Allocated,4,True,24.33299999999998,0.07570735917707604,24.182308333333317,24.482374999999955
"Step-function, unsafe tail (misspecified)","Step-function, unsafe tail (misspecified) (k*=4, MTD=4, nominal grid 5)",300,UCB,Allocated,5,False,24.34999999999997,0.07324253358802622,24.203991666666614,24.482058333333356
"Step-function, unsafe tail (misspecified)","Step-function, unsafe tail (misspecified) (k*=4, MTD=4, nominal grid 5)",300,UCB,Allocated,6,False,24.226666666666627,0.07464754524735522,24.08266666666668,24.373716666666663
"Step-function, unsafe tail (misspecified)","Step-function, unsafe tail (misspecified) (k*=4, MTD=4, nominal grid 5)",300,SEEDA,Recommended,1,False,2.338333333333326,0.12878159797795763,2.098641666666654,2.6010750000000042
"Step-function, unsafe tail (misspecified)","Step-function, unsafe tail (misspecified) (k*=4, MTD=4, nominal grid 5)",300,SEEDA,Recommended,2,False,9.352999999999993,0.4079225983671324,8.558491666666658,10.187716666666665
"Step-function, unsafe tail (misspecified)","Step-function, unsafe tail (misspecified) (k*=4, MTD=4, nominal grid 5)",300,SEEDA,Recommended,3,False,21.33466666666669,0.561082099604214,20.2275,22.396925000000007
"Step-function, unsafe tail (misspecified)","Step-function, unsafe tail (misspecified) (k*=4, MTD=4, nominal grid 5)",300,SEEDA,Recommended,4,True,44.109666666666584,0.9948953609416521,42.11802499999995,45.940366666666684
"Step-function, unsafe tail (misspecified)","Step-function, unsafe tail (misspecified) (k*=4, MTD=4, nominal grid 5)",300,SEEDA,Recommended,5,False,22.86433333333333,0.4473421248720239,22.05343333333335,23.77929166666666
"Step-function, unsafe tail (misspecified)","Step-function, unsafe tail (misspecified) (k*=4, MTD=4, nominal grid 5)",300,SEEDA,Recommended,6,False,0.0,0.0,0.0,0.0
"Step-function, unsafe tail (misspecified)","Step-function, unsafe tail (misspecified) (k*=4, MTD=4, nominal grid 5)",300,SEEDA,Allocated,1,False,4.706333333333328,0.0919999718021117,4.525975000000004,4.882350000000001
"Step-function, unsafe tail (misspecified)","Step-function, unsafe tail (misspecified) (k*=4, MTD=4, nominal grid 5)",300,SEEDA,Allocated,2,False,8.68,0.20316521534661844,8.280816666666674,9.066333333333333
"Step-function, unsafe tail (misspecified)","Step-function, unsafe tail (misspecified) (k*=4, MTD=4, nominal grid 5)",300,SEEDA,Allocated,3,False,19.608999999999995,0.34202845635603285,18.891308333333324,20.235783333333316
"Step-function, unsafe tail (misspecified)","Step-function, unsafe tail (misspecified) (k*=4, MTD=4, nominal grid 5)",300,SEEDA,Allocated,4,True,35.59333333333333,0.4928048070914577,34.650225,36.62354166666663
"Step-function, unsafe tail (misspecified)","Step-function, unsafe tail (misspecified) (k*=4, MTD=4, nominal grid 5)",300,SEEDA,Allocated,5,False,31.078000000000014,0.17495338503549973,30.74038333333336,31.426700000000036
"Step-function, unsafe tail (misspecified)","Step-function, unsafe tail (misspecified) (k*=4, MTD=4, nominal grid 5)",300,SEEDA,Allocated,6,False,0.3333333333333318,7.220060593319288e-16,0.3333333333333318,0.3333333333333318
"Step-function, unsafe tail (misspecified)","Step-function, unsafe tail (misspecified) (k*=4, MTD=4, nominal grid 5)",300,SEEDA Plateau,Recommended,1,False,13.416333333333371,0.4488062582566574,12.532458333333375,14.380441666666712
"Step-function, unsafe tail (misspecified)","Step-function, unsafe tail (misspecified) (k*=4, MTD=4, nominal grid 5)",300,SEEDA Plateau,Recommended,2,False,24.967666666666652,0.49030098329347793,23.94084166666666,25.976074999999973
"Step-function, unsafe tail (misspecified)","Step-function, unsafe tail (misspecified) (k*=4, MTD=4, nominal grid 5)",300,SEEDA Plateau,Recommended,3,False,10.246666666666671,0.3457493462736738,9.620625000000011,10.950066666666684
"Step-function, unsafe tail (misspecified)","Step-function, unsafe tail (misspecified) (k*=4, MTD=4, nominal grid 5)",300,SEEDA Plateau,Recommended,4,True,49.93566666666666,0.5713764248270862,48.752308333333346,50.99545000000001
"Step-function, unsafe tail (misspecified)","Step-function, unsafe tail (misspecified) (k*=4, MTD=4, nominal grid 5)",300,SEEDA Plateau,Recommended,5,False,1.433666666666679,0.15764174497781422,1.1569333333333258,1.7654000000000196
"Step-function, unsafe tail (misspecified)","Step-function, unsafe tail (misspecified) (k*=4, MTD=4, nominal grid 5)",300,SEEDA Plateau,Recommended,6,False,0.0,0.0,0.0,0.0
"Step-function, unsafe tail (misspecified)","Step-function, unsafe tail (misspecified) (k*=4, MTD=4, nominal grid 5)",300,SEEDA Plateau,Allocated,1,False,6.362333333333331,0.121125920222601,6.137983333333337,6.6061083333333315
"Step-function, unsafe tail (misspecified)","Step-function, unsafe tail (misspecified) (k*=4, MTD=4, nominal grid 5)",300,SEEDA Plateau,Allocated,2,False,13.301333333333327,0.3009119304802487,12.73120833333335,13.881049999999993
"Step-function, unsafe tail (misspecified)","Step-function, unsafe tail (misspecified) (k*=4, MTD=4, nominal grid 5)",300,SEEDA Plateau,Allocated,3,False,25.81766666666666,0.34798519589281507,25.094308333333316,26.425666666666675
"Step-function, unsafe tail (misspecified)","Step-function, unsafe tail (misspecified) (k*=4, MTD=4, nominal grid 5)",300,SEEDA Plateau,Allocated,4,True,21.535333333333323,0.5529036762470824,20.484641666666658,22.640399999999968
"Step-function, unsafe tail (misspecified)","Step-function, unsafe tail (misspecified) (k*=4, MTD=4, nominal grid 5)",300,SEEDA Plateau,Allocated,5,False,32.64999999999997,0.16625449304776832,32.32459999999998,32.98234999999997
"Step-function, unsafe tail (misspecified)","Step-function, unsafe tail (misspecified) (k*=4, MTD=4, nominal grid 5)",300,SEEDA Plateau,Allocated,6,False,0.3333333333333318,7.220060593319288e-16,0.3333333333333318,0.3333333333333318
"Step-function, unsafe tail (misspecified)","Step-function, unsafe tail (misspecified) (k*=4, MTD=4, nominal grid 5)",300,SEEDA Plateau (ours),Recommended,1,False,13.104666666666656,0.3717412303353231,12.400658333333347,13.874708333333324
"Step-function, unsafe tail (misspecified)","Step-function, unsafe tail (misspecified) (k*=4, MTD=4, nominal grid 5)",300,SEEDA Plateau (ours),Recommended,2,False,11.505333333333354,0.39164071001119694,10.715350000000022,12.2657416666667
"Step-function, unsafe tail (misspecified)","Step-function, unsafe tail (misspecified) (k*=4, MTD=4, nominal grid 5)",300,SEEDA Plateau (ours),Recommended,3,False,14.722666666666663,0.47965325485303784,13.822825000000005,15.621525
"Step-function, unsafe tail (misspecified)","Step-function, unsafe tail (misspecified) (k*=4, MTD=4, nominal grid 5)",300,SEEDA Plateau (ours),Recommended,4,True,54.835333333333345,0.7790448941565837,53.27094166666669,56.278074999999966
"Step-function, unsafe tail (misspecified)","Step-function, unsafe tail (misspecified) (k*=4, MTD=4, nominal grid 5)",300,SEEDA Plateau (ours),Recommended,5,False,5.660333333333329,0.3240757271467632,5.012499999999998,6.3161500000000075
"Step-function, unsafe tail (misspecified)","Step-function, unsafe tail (misspecified) (k*=4, MTD=4, nominal grid 5)",300,SEEDA Plateau (ours),Recommended,6,False,0.17166666666666666,0.07114144672566061,0.05395,0.3236750000000001
"Step-function, unsafe tail (misspecified)","Step-function, unsafe tail (misspecified) (k*=4, MTD=4, nominal grid 5)",300,SEEDA Plateau (ours),Allocated,1,False,6.453000000000001,0.19316813376668213,6.064299999999994,6.8440249999999905
"Step-function, unsafe tail (misspecified)","Step-function, unsafe tail (misspecified) (k*=4, MTD=4, nominal grid 5)",300,SEEDA Plateau (ours),Allocated,2,False,13.047999999999993,0.3547333893937429,12.367141666666653,13.748708333333319
"Step-function, unsafe tail (misspecified)","Step-function, unsafe tail (misspecified) (k*=4, MTD=4, nominal grid 5)",300,SEEDA Plateau (ours),Allocated,3,False,13.566333333333342,0.37299559812266714,12.880299999999988,14.327241666666655
"Step-function, unsafe tail (misspecified)","Step-function, unsafe tail (misspecified) (k*=4, MTD=4, nominal grid 5)",300,SEEDA Plateau (ours),Allocated,4,True,35.26799999999998,0.5587239604398895,34.114483333333375,36.28083333333333
"Step-function, unsafe tail (misspecified)","Step-function, unsafe tail (misspecified) (k*=4, MTD=4, nominal grid 5)",300,SEEDA Plateau (ours),Allocated,5,False,30.888666666666676,0.18139029980397012,30.541833333333354,31.26008333333335
"Step-function, unsafe tail (misspecified)","Step-function, unsafe tail (misspecified) (k*=4, MTD=4, nominal grid 5)",300,SEEDA Plateau (ours),Allocated,6,False,0.7760000000000075,0.08932002237496528,0.6103333333333351,0.9485750000000199
"Step-function, unsafe tail (misspecified)","Step-function, unsafe tail (misspecified) (k*=4, MTD=4, nominal grid 5)",300,SEEDA Plateau (fixed),Recommended,1,False,47.859666666666676,0.7273691749887644,46.3866083333333,49.25534166666672
"Step-function, unsafe tail (misspecified)","Step-function, unsafe tail (misspecified) (k*=4, MTD=4, nominal grid 5)",300,SEEDA Plateau (fixed),Recommended,2,False,0.3423333333333316,0.008740013485378955,0.32666666666666566,0.3600083333333309
"Step-function, unsafe tail (misspecified)","Step-function, unsafe tail (misspecified) (k*=4, MTD=4, nominal grid 5)",300,SEEDA Plateau (fixed),Recommended,3,False,4.616000000000005,0.3082664616084054,4.033258333333382,5.209391666666653
"Step-function, unsafe tail (misspecified)","Step-function, unsafe tail (misspecified) (k*=4, MTD=4, nominal grid 5)",300,SEEDA Plateau (fixed),Recommended,4,True,45.13399999999997,0.7851863108460102,43.68147500000006,46.60400833333339
"Step-function, unsafe tail (misspecified)","Step-function, unsafe tail (misspecified) (k*=4, MTD=4, nominal grid 5)",300,SEEDA Plateau (fixed),Recommended,5,False,2.0480000000000183,0.22003745927312005,1.6648750000000163,2.507408333333334
"Step-function, unsafe tail (misspecified)","Step-function, unsafe tail (misspecified) (k*=4, MTD=4, nominal grid 5)",300,SEEDA Plateau (fixed),Recommended,6,False,0.0,0.0,0.0,0.0
"Step-function, unsafe tail (misspecified)","Step-function, unsafe tail (misspecified) (k*=4, MTD=4, nominal grid 5)",300,SEEDA Plateau (fixed),Allocated,1,False,3.94200000000001,0.13612615622799834,3.6866583333333445,4.22305000000001
"Step-function, unsafe tail (misspecified)","Step-function, unsafe tail (misspecified) (k*=4, MTD=4, nominal grid 5)",300,SEEDA Plateau (fixed),Allocated,2,False,10.184666666666677,0.274757305410489,9.653875000000008,10.749791666666665
"Step-function, unsafe tail (misspecified)","Step-function, unsafe tail (misspecified) (k*=4, MTD=4, nominal grid 5)",300,SEEDA Plateau (fixed),Allocated,3,False,19.260666666666662,0.36098639742349226,18.511508333333317,19.959500000000002
"Step-function, unsafe tail (misspecified)","Step-function, unsafe tail (misspecified) (k*=4, MTD=4, nominal grid 5)",300,SEEDA Plateau (fixed),Allocated,4,True,35.36800000000002,0.5341132867897483,34.31230833333335,36.44603333333326
"Step-function, unsafe tail (misspecified)","Step-function, unsafe tail (misspecified) (k*=4, MTD=4, nominal grid 5)",300,SEEDA Plateau (fixed),Allocated,5,False,30.911333333333353,0.1903814214017444,30.53629166666665,31.277408333333355
"Step-function, unsafe tail (misspecified)","Step-function, unsafe tail (misspecified) (k*=4, MTD=4, nominal grid 5)",300,SEEDA Plateau (fixed),Allocated,6,False,0.3333333333333318,7.220060593319288e-16,0.3333333333333318,0.3333333333333318
Borderline logistic toxicity (misspecified),"Borderline logistic toxicity (misspecified) (k*=4, MTD=5)",100,3 + 3,Recommended,1,False,65.44,1.4816646760354422,62.403774999999996,68.37700000000001
Borderline logistic toxicity (misspecified),"Borderline logistic toxicity (misspecified) (k*=4, MTD=5)",100,3 + 3,Recommended,2,False,18.118,1.2066021542155303,15.779774999999999,20.646074999999996
Borderline logistic toxicity (misspecified),"Borderline logistic toxicity (misspecified) (k*=4, MTD=5)",100,3 + 3,Recommended,3,False,9.193,0.900505904593749,7.3569249999999995,10.9091
Borderline logistic toxicity (misspecified),"Borderline logistic toxicity (misspecified) (k*=4, MTD=5)",100,3 + 3,Recommended,4,True,3.585,0.5519812919453497,2.628975,4.718025
Borderline logistic toxicity (misspecified),"Borderline logistic toxicity (misspecified) (k*=4, MTD=5)",100,3 + 3,Recommended,5,False,3.612,0.5424218807281769,2.578,4.649025
Borderline logistic toxicity (misspecified),"Borderline logistic toxicity (misspecified) (k*=4, MTD=5)",100,3 + 3,Recommended,6,False,0.052,0.008748227390876556,0.036,0.07
Borderline logistic toxicity (misspecified),"Borderline logistic toxicity (misspecified) (k*=4, MTD=5)",100,3 + 3,Allocated,1,False,65.44,1.5119950328553922,62.415,68.369825
Borderline logistic toxicity (misspecified),"Borderline logistic toxicity (misspecified) (k*=4, MTD=5)",100,3 + 3,Allocated,2,False,18.118,1.205830787833801,15.885674999999999,20.643025
Borderline logistic toxicity (misspecified),"Borderline logistic toxicity (misspecified) (k*=4, MTD=5)",100,3 + 3,Allocated,3,False,9.193,0.8394640148375673,7.642025,10.906525
Borderline logistic toxicity (misspecified),"Borderline logistic toxicity (misspecified) (k*=4, MTD=5)",100,3 + 3,Allocated,4,True,3.585,0.5616708182486179,2.534,4.80315
Borderline logistic toxicity (misspecified),"Borderline logistic toxicity (misspecified) (k*=4, MTD=5)",100,3 + 3,Allocated,5,False,3.612,0.5590763503892503,2.488975,4.82405
Borderline logistic toxicity (misspecified),"Borderline logistic toxicity (misspecified) (k*=4, MTD=5)",100,3 + 3,Allocated,6,False,0.052,0.008809390237488418,0.035,0.069
Borderline logistic toxicity (misspecified),"Borderline logistic toxicity (misspecified) (k*=4, MTD=5)",100,CRM,Recommended,1,False,0.857,0.12858842275440838,0.638,1.1211
Borderline logistic toxicity (misspecified),"Borderline logistic toxicity (misspecified) (k*=4, MTD=5)",100,CRM,Recommended,2,False,3.413,0.35712644824492595,2.7607250000000003,4.17905
Borderline logistic toxicity (misspecified),"Borderline logistic toxicity (misspecified) (k*=4, MTD=5)",100,CRM,Recommended,3,False,9.761,0.5356640598509628,8.7279,10.8392
Borderline logistic toxicity (misspecified),"Borderline logistic toxicity (misspecified) (k*=4, MTD=5)",100,CRM,Recommended,4,True,24.209,0.9982722396417911,22.20385,26.0933
Borderline logistic toxicity (misspecified),"Borderline logistic toxicity (misspecified) (k*=4, MTD=5)",100,CRM,Recommended,5,False,55.796,1.3439475126062927,53.2138,58.495149999999995
Borderline logistic toxicity (misspecified),"Borderline logistic toxicity (misspecified) (k*=4, MTD=5)",100,CRM,Recommended,6,False,5.964,0.696709568847252,4.674825,7.4361999999999995
Borderline logistic toxicity (misspecified),"Borderline logistic toxicity (misspecified) (k*=4, MTD=5)",100,CRM,Allocated,1,False,0.857,0.12229048297486696,0.631975,1.099125
Borderline logistic toxicity (misspecified),"Borderline logistic toxicity (misspecified) (k*=4, MTD=5)",100,CRM,Allocated,2,False,3.413,0.34100319395760703,2.774925,4.088175
Borderline logistic toxicity (misspecified),"Borderline logistic toxicity (misspecified) (k*=4, MTD=5)",100,CRM,Allocated,3,False,9.761,0.5264643735682756,8.808625,10.84935
Borderline logistic toxicity (misspecified),"Borderline logistic toxicity (misspecified) (k*=4, MTD=5)",100,CRM,Allocated,4,True,24.209,0.9846728502289367,22.272625,26.00155
Borderline logistic toxicity (misspecified),"Borderline logistic toxicity (misspecified) (k*=4, MTD=5)",100,CRM,Allocated,5,False,55.796,1.2934281081586934,53.2762,58.302725
Borderline logistic toxicity (misspecified),"Borderline logistic toxicity (misspecified) (k*=4, MTD=5)",100,CRM,Allocated,6,False,5.964,0.7006932820075059,4.6957249999999995,7.441174999999999
Borderline logistic toxicity (misspecified),"Borderline logistic toxicity (misspecified) (k*=4, MTD=5)",100,UCB,Recommended,1,False,1.664,0.1225618075734675,1.4419499999999998,1.921025
Borderline logistic toxicity (misspecified),"Borderline logistic toxicity (misspecified) (k*=4, MTD=5)",100,UCB,Recommended,2,False,3.311,0.24336901345016737,2.8598749999999997,3.8311499999999996
Borderline logistic toxicity (misspecified),"Borderline logistic toxicity (misspecified) (k*=4, MTD=5)",100,UCB,Recommended,3,False,7.952,0.44343551070268616,7.0649750000000004,8.80435
Borderline logistic toxicity (misspecified),"Borderline logistic toxicity (misspecified) (k*=4, MTD=5)",100,UCB,Recommended,4,True,47.489,0.9732932000940673,45.590875000000004,49.449175
Borderline logistic toxicity (misspecified),"Borderline logistic toxicity (misspecified) (k*=4, MTD=5)",100,UCB,Recommended,5,False,31.352,0.897935178631523,29.63865,33.108174999999996
Borderline logistic toxicity (misspecified),"Borderline logistic toxicity (misspecified) (k*=4, MTD=5)",100,UCB,Recommended,6,False,8.232,0.4357327075989034,7.43885,9.104299999999999
Borderline logistic toxicity (misspecified),"Borderline logistic toxicity (misspecified) (k*=4, MTD=5)",100,UCB,Allocated,1,False,9.528,0.025936435562538034,9.476975,9.578025
Borderline logistic toxicity (misspecified),"Borderline logistic toxicity (misspecified) (k*=4, MTD=5)",100,UCB,Allocated,2,False,10.972,0.03766551433300715,10.899,11.049
Borderline logistic toxicity (misspecified),"Borderline logistic toxicity (misspecified) (k*=4, MTD=5)",100,UCB,Allocated,3,False,13.741,0.05142179776403474,13.637974999999999,13.837025
Borderline logistic toxicity (misspecified),"Borderline logistic toxicity (misspecified) (k*=4, MTD=5)",100,UCB,Allocated,4,True,22.129,0.07634909026035336,21.983975,22.282025
Borderline logistic toxicity (misspecified),"Borderline logistic toxicity (misspecified) (k*=4, MTD=5)",100,UCB,Allocated,5,False,21.776,0.07896517253494396,21.620974999999998,21.925025
Borderline logistic toxicity (misspecified),"Borderline logistic toxicity (misspecified) (k*=4, MTD=5)",100,UCB,Allocated,6,False,21.854,0.07156275989370167,21.721,21.992125
Borderline logistic toxicity (misspecified),"Borderline logistic toxicity (misspecified) (k*=4, MTD=5)",100,SEEDA,Recommended,1,False,17.733,0.8075577011704616,16.150775,19.304199999999998
Borderline logistic toxicity (misspecified),"Borderline logistic toxicity (misspecified) (k*=4, MTD=5)",100,SEEDA,Recommended,2,False,11.53,0.5251716030371755,10.537,12.6501
Borderline logistic toxicity (misspecified),"Borderline logistic toxicity (misspecified) (k*=4, MTD=5)",100,SEEDA,Recommended,3,False,14.722,0.5620478076410175,13.673874999999999,15.87145
Borderline logistic toxicity (misspecified),"Borderline logistic toxicity (misspecified) (k*=4, MTD=5)",100,SEEDA,Recommended,4,True,43.842,0.9688995382449157,41.855850000000004,45.681075
Borderline logistic toxicity (misspecified),"Borderline logistic toxicity (misspecified) (k*=4, MTD=5)",100,SEEDA,Recommended,5,False,12.173,0.685442838798583,10.873525,13.570025000000001
Borderline logistic toxicity (misspecified),"Borderline logistic toxicity (misspecified) (k*=4, MTD=5)",100,SEEDA,Recommended,6,False,0.0,0.0,0.0,0.0
Borderline logistic toxicity (misspecified),"Borderline logistic toxicity (misspecified) (k*=4, MTD=5)",100,SEEDA,Allocated,1,False,12.498,0.5297862599730728,11.517975,13.600025
Borderline logistic toxicity (misspecified),"Borderline logistic toxicity (misspecified) (k*=4, MTD=5)",100,SEEDA,Allocated,2,False,13.676,0.4157658169096043,12.9,14.588049999999999
Borderline logistic toxicity (misspecified),"Borderline logistic toxicity (misspecified) (k*=4, MTD=5)",100,SEEDA,Allocated,3,False,16.581,0.37438972890306194,15.903974999999999,17.37705
Borderline logistic toxicity (misspecified),"Borderline logistic toxicity (misspecified) (k*=4, MTD=5)",100,SEEDA,Allocated,4,True,41.587,0.7039037223586413,40.277975,42.981525
Borderline logistic toxicity (misspecified),"Borderline logistic toxicity (misspecified) (k*=4, MTD=5)",100,SEEDA,Allocated,5,False,14.658,0.5323306703343125,13.629975,15.63045
Borderline logistic toxicity (misspecified),"Borderline logistic toxicity (misspecified) (k*=4, MTD=5)",100,SEEDA,Allocated,6,False,1.0,0.0,1.0,1.0
Borderline logistic toxicity (misspecified),"Borderline logistic toxicity (misspecified) (k*=4, MTD=5)",100,SEEDA Plateau,Recommended,1,False,36.763,1.1787113806759204,34.46385,39.030525000000004
Borderline logistic toxicity (misspecified),"Borderline logistic toxicity (misspecified) (k*=4, MTD=5)",100,SEEDA Plateau,Recommended,2,False,13.927,0.5232145765210332,12.9078,14.9613
Borderline logistic toxicity (misspecified),"Borderline logistic toxicity (misspecified) (k*=4, MTD=5)",100,SEEDA Plateau,Recommended,3,False,19.355,0.7143141337259404,17.970825,20.816
Borderline logistic toxicity (misspecified),"Borderline logistic toxicity (misspecified) (k*=4, MTD=5)",100,SEEDA Plateau,Recommended,4,True,28.572,0.9735244342198212,26.578775,30.38925
Borderline logistic toxicity (misspecified),"Borderline logistic toxicity (misspecified) (k*=4, MTD=5)",100,SEEDA Plateau,Recommended,5,False,1.383,0.12254515295805675,1.14095,1.6331999999999998
Borderline logistic toxicity (misspecified),"Borderline logistic toxicity (misspecified) (k*=4, MTD=5)",100,SEEDA Plateau,Recommended,6,False,0.0,0.0,0.0,0.0
Borderline logistic toxicity (misspecified),"Borderline logistic toxicity (misspecified) (k*=4, MTD=5)",100,SEEDA Plateau,Allocated,1,False,22.781,0.9582792381630187,20.8489,24.6881
Borderline logistic toxicity (misspecified),"Borderline logistic toxicity (misspecified) (k*=4, MTD=5)",100,SEEDA Plateau,Allocated,2,False,15.856,0.5850649992413985,14.799825,16.989050000000002
Borderline logistic toxicity (misspecified),"Borderline logistic toxicity (misspecified) (k*=4, MTD=5)",100,SEEDA Plateau,Allocated,3,False,15.395,0.49139275146484657,14.443900000000001,16.404
Borderline logistic toxicity (misspecified),"Borderline logistic toxicity (misspecified) (k*=4, MTD=5)",100,SEEDA Plateau,Allocated,4,True,30.528,0.8910101768842551,28.821,32.194649999999996
Borderline logistic toxicity (misspecified),"Borderline logistic toxicity (misspecified) (k*=4, MTD=5)",100,SEEDA Plateau,Allocated,5,False,14.44,0.7578625015444739,13.018725,15.96905
Borderline logistic toxicity (misspecified),"Borderline logistic toxicity (misspecified) (k*=4, MTD=5)",100,SEEDA Plateau,Allocated,6,False,1.0,0.0,1.0,1.0
Borderline logistic toxicity (misspecified),"Borderline logistic toxicity (misspecified) (k*=4, MTD=5)",100,SEEDA Plateau (ours),Recommended,1,False,80.952,0.9899673555850842,78.9945,82.76625
Borderline logistic toxicity (misspecified),"Borderline logistic toxicity (misspecified) (k*=4, MTD=5)",100,SEEDA Plateau (ours),Recommended,2,False,11.907,0.7254493336075454,10.46285,13.335075000000002
Borderline logistic toxicity (misspecified),"Borderline logistic toxicity (misspecified) (k*=4, MTD=5)",100,SEEDA Plateau (ours),Recommended,3,False,4.471,0.4777357097468926,3.591775,5.4201749999999995
Borderline logistic toxicity (misspecified),"Borderline logistic toxicity (misspecified) (k*=4, MTD=5)",100,SEEDA Plateau (ours),Recommended,4,True,2.626,0.39884300988049237,1.91095,3.45405
Borderline logistic toxicity (misspecified),"Borderline logistic toxicity (misspecified) (k*=4, MTD=5)",100,SEEDA Plateau (ours),Recommended,5,False,0.044,0.017999335323063217,0.013,0.08302499999999999
Borderline logistic toxicity (misspecified),"Borderline logistic toxicity (misspecified) (k*=4, MTD=5)",100,SEEDA Plateau (ours),Recommended,6,False,0.0,0.0,0.0,0.0
Borderline logistic toxicity (misspecified),"Borderline logistic toxicity (misspecified) (k*=4, MTD=5)",100,SEEDA Plateau (ours),Allocated,1,False,72.978,1.0527719891468108,70.7665,74.87915000000001
Borderline logistic toxicity (misspecified),"Borderline logistic toxicity (misspecified) (k*=4, MTD=5)",100,SEEDA Plateau (ours),Allocated,2,False,14.679,0.7635415231882502,13.240425,16.2182
Borderline logistic toxicity (misspecified),"Borderline logistic toxicity (misspecified) (k*=4, MTD=5)",100,SEEDA Plateau (ours),Allocated,3,False,6.324,0.5060337755100515,5.3778250000000005,7.337149999999999
Borderline logistic toxicity (misspecified),"Borderline logistic toxicity (misspecified) (k*=4, MTD=5)",100,SEEDA Plateau (ours),Allocated,4,True,3.865,0.4052192661123465,3.049,4.645599999999999
Borderline logistic toxicity (misspecified),"Borderline logistic toxicity (misspecified) (k*=4, MTD=5)",100,SEEDA Plateau (ours),Allocated,5,False,1.154,0.04008219577840537,1.085,1.237
Borderline logistic toxicity (misspecified),"Borderline logistic toxicity (misspecified) (k*=4, MTD=5)",100,SEEDA Plateau (ours),Allocated,6,False,1.0,0.0,1.0,1.0
Borderline logistic toxicity (misspecified),"Borderline logistic toxicity (misspecified) (k*=4, MTD=5)",100,SEEDA Plateau (fixed),Recommended,1,False,77.353,0.8138559136383811,75.5958,78.880175
Borderline logistic toxicity (misspecified),"Borderline logistic toxicity (misspecified) (k*=4, MTD=5)",100,SEEDA Plateau (fixed),Recommended,2,False,0.751,0.08114977956053074,0.599,0.9160999999999999
Borderline logistic toxicity (misspecified),"Borderline logistic toxicity (misspecified) (k*=4, MTD=5)",100,SEEDA Plateau (fixed),Recommended,3,False,2.668,0.27406234559543774,2.1677750000000002,3.21625
Borderline logistic toxicity (misspecified),"Borderline logistic toxicity (misspecified) (k*=4, MTD=5)",100,SEEDA Plateau (fixed),Recommended,4,True,17.991,0.7794710178214608,16.504949999999997,19.582025
Borderline logistic toxicity (misspecified),"Borderline logistic toxicity (misspecified) (k*=4, MTD=5)",100,SEEDA Plateau (fixed),Recommended,5,False,1.237,0.0732220241513496,1.094975,1.387
Borderline logistic toxicity (misspecified),"Borderline logistic toxicity (misspecified) (k*=4, MTD=5)",100,SEEDA Plateau (fixed),Recommended,6,False,0.0,0.0,0.0,0.0
Borderline logistic toxicity (misspecified),"Borderline logistic toxicity (misspecified) (k*=4, MTD=5)",100,SEEDA Plateau (fixed),Allocated,1,False,24.816,1.0200264313912344,22.825625000000002,26.827125000000002
Borderline logistic toxicity (misspecified),"Borderline logistic toxicity (misspecified) (k*=4, MTD=5)",100,SEEDA Plateau (fixed),Allocated,2,False,16.411,0.561092171416448,15.266974999999999,17.513050000000003
Borderline logistic toxicity (misspecified),"Borderline logistic toxicity (misspecified) (k*=4, MTD=5)",100,SEEDA Plateau (fixed),Allocated,3,False,16.695,0.45797322566546017,15.807775,17.639174999999998
Borderline logistic toxicity (misspecified),"Borderline logistic toxicity (misspecified) (k*=4, MTD=5)",100,SEEDA Plateau (fixed),Allocated,4,True,32.598,0.9352799751041563,30.82035,34.5071
Borderline logistic toxicity (misspecified),"Borderline logistic toxicity (misspecified) (k*=4, MTD=5)",100,SEEDA Plateau (fixed),Allocated,5,False,8.48,0.4158180185183472,7.70465,9.307
Borderline logistic toxicity (misspecified),"Borderline logistic toxicity (misspecified) (k*=4, MTD=5)",100,SEEDA Plateau (fixed),Allocated,6,False,1.0,0.0,1.0,1.0
Borderline logistic toxicity (misspecified),"Borderline logistic toxicity (misspecified) (k*=4, MTD=5)",300,3 + 3,Recommended,1,False,60.62933333333343,1.5149289944608788,57.74697500000008,63.61143333333342
Borderline logistic toxicity (misspecified),"Borderline logistic toxicity (misspecified) (k*=4, MTD=5)",300,3 + 3,Recommended,2,False,21.91233333333331,1.2995083421193359,19.44162499999998,24.485274999999962
Borderline logistic toxicity (misspecified),"Borderline logistic toxicity (misspecified) (k*=4, MTD=5)",300,3 + 3,Recommended,3,False,9.706666666666678,0.9915103303057414,7.829983333333323,11.591124999999995
Borderline logistic toxicity (misspecified),"Borderline logistic toxicity (misspecified) (k*=4, MTD=5)",300,3 + 3,Recommended,4,True,5.2680000000000025,0.6858028431733055,3.9879833333333368,6.651724999999988
Borderline logistic toxicity (misspecified),"Borderline logistic toxicity (misspecified) (k*=4, MTD=5)",300,3 + 3,Recommended,5,False,2.4730000000000003,0.49018642320396316,1.5899499999999986,3.5484000000000018
Borderline logistic toxicity (misspecified),"Borderline logistic toxicity (misspecified) (k*=4, MTD=5)",300,3 + 3,Recommended,6,False,0.010666666666666665,0.0023092846212904943,0.006658333333333333,0.01566666666666667
Borderline logistic toxicity (misspecified),"Borderline logistic toxicity (misspecified) (k*=4, MTD=5)",300,3 + 3,Allocated,1,False,60.62933333333343,1.5190847265355207,57.44142500000022,63.50779166666678
Borderline logistic toxicity (misspecified),"Borderline logistic toxicity (misspecified) (k*=4, MTD=5)",300,3 + 3,Allocated,2,False,21.91233333333331,1.3012394898593718,19.427483333333324,24.483016666666586
Borderline logistic toxicity (misspecified),"Borderline logistic toxicity (misspecified) (k*=4, MTD=5)",300,3 + 3,Allocated,3,False,9.706666666666678,0.9182098945454227,7.936716666666661,11.482349999999993
Borderline logistic toxicity (misspecified),"Borderline logistic toxicity (misspecified) (k*=4, MTD=5)",300,3 + 3,Allocated,4,True,5.2680000000000025,0.7254895725893868,3.89763333333334,6.743391666666662
Borderline logistic toxicity (misspecified),"Borderline logistic toxicity (misspecified) (k*=4, MTD=5)",300,3 + 3,Allocated,5,False,2.4730000000000003,0.4748250888363353,1.686633333333332,3.455666666666669
Borderline logistic toxicity (misspecified),"Borderline logistic toxicity (misspecified) (k*=4, MTD=5)",300,3 + 3,Allocated,6,False,0.010666666666666665,0.0022542178856654114,0.006666666666666666,0.01566666666666667
Borderline logistic toxicity (misspecified),"Borderline logistic toxicity (misspecified) (k*=4, MTD=5)",300,CRM,Recommended,1,False,0.3110000000000001,0.04008676927981978,0.23900000000000032,0.39600833333333313
Borderline logistic toxicity (misspecified),"Borderline logistic toxicity (misspecified) (k*=4, MTD=5)",300,CRM,Recommended,2,False,1.2270000000000003,0.1282227017298634,0.9789750000000005,1.4707583333333325
Borderline logistic toxicity (misspecified),"Borderline logistic toxicity (misspecified) (k*=4, MTD=5)",300,CRM,Recommended,3,False,5.644333333333323,0.4245991784594706,4.823908333333329,6.4783499999999785
Borderline logistic toxicity (misspecified),"Borderline logistic toxicity (misspecified) (k*=4, MTD=5)",300,CRM,Recommended,4,True,23.610000000000024,1.1589477470991383,21.38151666666667,25.96108333333329
Borderline logistic toxicity (misspecified),"Borderline logistic toxicity (misspecified) (k*=4, MTD=5)",300,CRM,Recommended,5,False,63.00366666666678,1.4726210373337154,60.26298333333345,65.83875833333336
Borderline logistic toxicity (misspecified),"Borderline logistic toxicity (misspecified) (k*=4, MTD=5)",300,CRM,Recommended,6,False,6.203999999999999,0.7576673118541051,4.806533333333332,7.728358333333322
Borderline logistic toxicity (misspecified),"Borderline logistic toxicity (misspecified) (k*=4, MTD=5)",300,CRM,Allocated,1,False,0.3110000000000001,0.040433254037141514,0.23429999999999998,0.39366666666666633
Borderline logistic toxicity (misspecified),"Borderline logistic toxicity (misspecified) (k*=4, MTD=5)",300,CRM,Allocated,2,False,1.2270000000000003,0.1285024921459108,0.9905666666666674,1.4939999999999993
Borderline logistic toxicity (misspecified),"Borderline logistic toxicity (misspecified) (k*=4, MTD=5)",300,CRM,Allocated,3,False,5.644333333333323,0.4173792184661928,4.869874999999997,6.510891666666655
Borderline logistic toxicity (misspecified),"Borderline logistic toxicity (misspecified) (k*=4, MTD=5)",300,CRM,Allocated,4,True,23.610000000000024,1.0993934955173565,21.448975000000008,25.850683333333315
Borderline logistic toxicity (misspecified),"Borderline logistic toxicity (misspecified) (k*=4, MTD=5)",300,CRM,Allocated,5,False,63.00366666666678,1.3875066964262694,60.15383333333341,65.73060000000007
Borderline logistic toxicity (misspecified),"Borderline logistic toxicity (misspecified) (k*=4, MTD=5)",300,CRM,Allocated,6,False,6.203999999999999,0.7522107029692857,4.776983333333332,7.681433333333326
Borderline logistic toxicity (misspecified),"Borderline logistic toxicity (misspecified) (k*=4, MTD=5)",300,UCB,Recommended,1,False,0.5026666666666593,0.02761096579438669,0.45032499999999354,0.5583416666666625
Borderline logistic toxicity (misspecified),"Borderline logistic toxicity (misspecified) (k*=4, MTD=5)",300,UCB,Recommended,2,False,1.3969999999999951,0.12893853842958583,1.1489416666666699,1.6530833333333246
Borderline logistic toxicity (misspecified),"Borderline logistic toxicity (misspecified) (k*=4, MTD=5)",300,UCB,Recommended,3,False,5.265999999999997,0.3552096742434163,4.5426250000000055,5.992108333333317
Borderline logistic toxicity (misspecified),"Borderline logistic toxicity (misspecified) (k*=4, MTD=5)",300,UCB,Recommended,4,True,55.29533333333327,0.9591995909024997,53.35325833333337,57.169766666666696
Borderline logistic toxicity (misspecified),"Borderline logistic toxicity (misspecified) (k*=4, MTD=5)",300,UCB,Recommended,5,False,34.485333333333294,0.9377559086035744,32.61903333333328,36.30212499999995
Borderline logistic toxicity (misspecified),"Borderline logistic toxicity (misspecified) (k*=4, MTD=5)",300,UCB,Recommended,6,False,3.053666666666685,0.16274034033985044,2.7459166666666763,3.3633666666666886
Borderline logistic toxicity (misspecified),"Borderline logistic toxicity (misspecified) (k*=4, MTD=5)",300,UCB,Allocated,1,False,6.923333333333338,0.016512325871404738,6.8923333333333305,6.954999999999999
Borderline logistic toxicity (misspecified),"Borderline logistic toxicity (misspecified) (k*=4, MTD=5)",300,UCB,Allocated,2,False,8.427333333333326,0.025128204514181685,8.380991666666663,8.477008333333334
Borderline logistic toxicity (misspecified),"Borderline logistic toxicity (misspecified) (k*=4, MTD=5)",300,UCB,Allocated,3,False,11.771999999999998,0.0402237867397686,11.68999166666664,11.853016666666665
Borderline logistic toxicity (misspecified),"Borderline logistic toxicity (misspecified) (k*=4, MTD=5)",300,UCB,Allocated,4,True,24.34066666666667,0.0770039112550185,24.189591666666672,24.493366666666635
Borderline logistic toxicity (misspecified),"Borderline logistic toxicity (misspecified) (k*=4, MTD=5)",300,UCB,Allocated,5,False,24.21266666666665,0.07708795527161909,24.060666666666716,24.360083333333332
Borderline logistic toxicity (misspecified),"Borderline logistic toxicity (misspecified) (k*=4, MTD=5)",300,UCB,Allocated,6,False,24.324000000000012,0.07367425350122118,24.18665833333334,24.476700000000026
Borderline logistic toxicity (misspecified),"Borderline logistic toxicity (misspecified) (k*=4, MTD=5)",300,SEEDA,Recommended,1,False,6.79333333333332,0.4795359984540945,5.851591666666662,7.769791666666635
Borderline logistic toxicity (misspecified),"Borderline logistic toxicity (misspecified) (k*=4, MTD=5)",300,SEEDA,Recommended,2,False,5.9369999999999985,0.38512055037927445,5.197941666666668,6.687350000000004
Borderline logistic toxicity (misspecified),"Borderline logistic toxicity (misspecified) (k*=4, MTD=5)",300,SEEDA,Recommended,3,False,11.483333333333334,0.599215795855997,10.231783333333329,12.67066666666668
Borderline logistic toxicity (misspecified),"Borderline logistic toxicity (misspecified) (k*=4, MTD=5)",300,SEEDA,Recommended,4,True,66.36266666666664,0.9569907388640201,64.53229166666658,68.30969166666654
Borderline logistic toxicity (misspecified),"Borderline logistic toxicity (misspecified) (k*=4, MTD=5)",300,SEEDA,Recommended,5,False,9.423666666666655,0.6806722726230489,8.103649999999996,10.779241666666659
Borderline logistic toxicity (misspecified),"Borderline logistic toxicity (misspecified) (k*=4, MTD=5)",300,SEEDA,Recommended,6,False,0.0,0.0,0.0,0.0
Borderline logistic toxicity (misspecified),"Borderline logistic toxicity (misspecified) (k*=4, MTD=5)",300,SEEDA,Allocated,1,False,5.50666666666667,0.3716475637787271,4.818358333333331,6.241250000000014
Borderline logistic toxicity (misspecified),"Borderline logistic toxicity (misspecified) (k*=4, MTD=5)",300,SEEDA,Allocated,2,False,6.4129999999999985,0.2641748531240889,5.929316666666671,6.936683333333332
Borderline logistic toxicity (misspecified),"Borderline logistic toxicity (misspecified) (k*=4, MTD=5)",300,SEEDA,Allocated,3,False,11.972999999999992,0.4162847580380216,11.205000000000009,12.82285833333332
Borderline logistic toxicity (misspecified),"Borderline logistic toxicity (misspecified) (k*=4, MTD=5)",300,SEEDA,Allocated,4,True,66.29200000000002,0.7786534373787607,64.82025833333336,67.90584166666666
Borderline logistic toxicity (misspecified),"Borderline logistic toxicity (misspecified) (k*=4, MTD=5)",300,SEEDA,Allocated,5,False,9.481999999999996,0.46701064487045285,8.56059999999998,10.408041666666671
Borderline logistic toxicity (misspecified),"Borderline logistic toxicity (misspecified) (k*=4, MTD=5)",300,SEEDA,Allocated,6,False,0.3333333333333318,7.220060593319288e-16,0.3333333333333318,0.3333333333333318
Borderline logistic toxicity (misspecified),"Borderline logistic toxicity (misspecified) (k*=4, MTD=5)",300,SEEDA Plateau,Recommended,1,False,25.537999999999965,1.1523746173149758,23.387424999999944,27.741833333333286
Borderline logistic toxicity (misspecified),"Borderline logistic toxicity (misspecified) (k*=4, MTD=5)",300,SEEDA Plateau,Recommended,2,False,9.956666666666665,0.4839026977822359,9.08574999999998,10.926941666666691
Borderline logistic toxicity (misspecified),"Borderline logistic toxicity (misspecified) (k*=4, MTD=5)",300,SEEDA Plateau,Recommended,3,False,14.995666666666683,0.6421051730972178,13.748208333333329,16.330083333333338
Borderline logistic toxicity (misspecified),"Borderline logistic toxicity (misspecified) (k*=4, MTD=5)",300,SEEDA Plateau,Recommended,4,True,48.915000000000035,1.1157487819506315,46.701541666666664,51.14103333333337
Borderline logistic toxicity (misspecified),"Borderline logistic toxicity (misspecified) (k*=4, MTD=5)",300,SEEDA Plateau,Recommended,5,False,0.5946666666666676,0.08387803558850918,0.45760833333333584,0.7881083333333325
Borderline logistic toxicity (misspecified),"Borderline logistic toxicity (misspecified) (k*=4, MTD=5)",300,SEEDA Plateau,Recommended,6,False,0.0,0.0,0.0,0.0
Borderline logistic toxicity (misspecified),"Borderline logistic toxicity (misspecified) (k*=4, MTD=5)",300,SEEDA Plateau,Allocated,1,False,16.531666666666716,0.9108392522079829,14.780725000000013,18.279108333333358
Borderline logistic toxicity (misspecified),"Borderline logistic toxicity (misspecified) (k*=4, MTD=5)",300,SEEDA Plateau,Allocated,2,False,11.036666666666687,0.5712383099007441,9.948199999999998,12.230024999999989
Borderline logistic toxicity (misspecified),"Borderline logistic toxicity (misspecified) (k*=4, MTD=5)",300,SEEDA Plateau,Allocated,3,False,13.121333333333363,0.5375845771635955,12.040275000000031,14.134008333333341
Borderline logistic toxicity (misspecified),"Borderline logistic toxicity (misspecified) (k*=4, MTD=5)",300,SEEDA Plateau,Allocated,4,True,47.60233333333346,1.0932741898812472,45.586266666666745,49.92237500000011
Borderline logistic toxicity (misspecified),"Borderline logistic toxicity (misspecified) (k*=4, MTD=5)",300,SEEDA Plateau,Allocated,5,False,11.374666666666702,0.7305191368234566,9.973675000000014,12.842241666666759
Borderline logistic toxicity (misspecified),"Borderline logistic toxicity (misspecified) (k*=4, MTD=5)",300,SEEDA Plateau,Allocated,6,False,0.3333333333333318,7.220060593319288e-16,0.3333333333333318,0.3333333333333318
Borderline logistic toxicity (misspecified),"Borderline logistic toxicity (misspecified) (k*=4, MTD=5)",300,SEEDA Plateau (ours),Recommended,1,False,76.3823333333334,1.2229108821306496,73.91868333333325,78.8581499999999
Borderline logistic toxicity (misspecified),"Borderline logistic toxicity (misspecified) (k*=4, MTD=5)",300,SEEDA Plateau (ours),Recommended,2,False,14.806333333333374,0.9155751955919489,12.997383333333365,16.618258333333415
Borderline logistic toxicity (misspecified),"Borderline logistic toxicity (misspecified) (k*=4, MTD=5)",300,SEEDA Plateau (ours),Recommended,3,False,6.075000000000003,0.6648078862654626,4.829099999999999,7.350033333333335
Borderline logistic toxicity (misspecified),"Borderline logistic toxicity (misspecified) (k*=4, MTD=5)",300,SEEDA Plateau (ours),Recommended,4,True,2.7053333333333325,0.44340364987051734,1.896841666666667,3.619675000000001
Borderline logistic toxicity (misspecified),"Borderline logistic toxicity (misspecified) (k*=4, MTD=5)",300,SEEDA Plateau (ours),Recommended,5,False,0.031,0.021757957495616348,0.0033250000000000007,0.07934166666666667
Borderline logistic toxicity (misspecified),"Borderline logistic toxicity (misspecified) (k*=4, MTD=5)",300,SEEDA Plateau (ours),Recommended,6,False,0.0,0.0,0.0,0.0
Borderline logistic toxicity (misspecified),"Borderline logistic toxicity (misspecified) (k*=4, MTD=5)",300,SEEDA Plateau (ours),Allocated,1,False,74.9133333333335,1.1592008852951905,72.66375833333356,77.16392500000006
Borderline logistic toxicity (misspecified),"Borderline logistic toxicity (misspecified) (k*=4, MTD=5)",300,SEEDA Plateau (ours),Allocated,2,False,14.720000000000082,0.8860023950680408,13.106500000000057,16.55854166666676
Borderline logistic toxicity (misspecified),"Borderline logistic toxicity (misspecified) (k*=4, MTD=5)",300,SEEDA Plateau (ours),Allocated,3,False,6.604333333333263,0.6203661837377575,5.346316666666641,7.850474999999907
Borderline logistic toxicity (misspecified),"Borderline logistic toxicity (misspecified) (k*=4, MTD=5)",300,SEEDA Plateau (ours),Allocated,4,True,3.0060000000000344,0.41857541856002767,2.2396499999999757,3.824775000000054
Borderline logistic toxicity (misspecified),"Borderline logistic toxicity (misspecified) (k*=4, MTD=5)",300,SEEDA Plateau (ours),Allocated,5,False,0.4229999999999963,0.02953626892791521,0.3723333333333303,0.484699999999995
Borderline logistic toxicity (misspecified),"Borderline logistic toxicity (misspecified) (k*=4, MTD=5)",300,SEEDA Plateau (ours),Allocated,6,False,0.3333333333333318,7.220060593319288e-16,0.3333333333333318,0.3333333333333318
Borderline logistic toxicity (misspecified),"Borderline logistic toxicity (misspecified) (k*=4, MTD=5)",300,SEEDA Plateau (fixed),Recommended,1,False,50.310333333333425,1.034780198913957,48.36020000000002,52.40020000000008
Borderline logistic toxicity (misspecified),"Borderline logistic toxicity (misspecified) (k*=4, MTD=5)",300,SEEDA Plateau (fixed),Recommended,2,False,1.0883333333333376,0.17819986241847885,0.7740000000000063,1.4581833333333298
Borderline logistic toxicity (misspecified),"Borderline logistic toxicity (misspecified) (k*=4, MTD=5)",300,SEEDA Plateau (fixed),Recommended,3,False,4.565000000000007,0.38993352764053746,3.8112250000000225,5.356533333333314
Borderline logistic toxicity (misspecified),"Borderline logistic toxicity (misspecified) (k*=4, MTD=5)",300,SEEDA Plateau (fixed),Recommended,4,True,43.61500000000002,1.107831358079457,41.33024999999996,45.689333333333366
Borderline logistic toxicity (misspecified),"Borderline logistic toxicity (misspecified) (k*=4, MTD=5)",300,SEEDA Plateau (fixed),Recommended,5,False,0.42133333333333484,0.028519383726459593,0.3716500000000015,0.47935000000000344
Borderline logistic toxicity (misspecified),"Borderline logistic toxicity (misspecified) (k*=4, MTD=5)",300,SEEDA Plateau (fixed),Recommended,6,False,0.0,0.0,0.0,0.0
Borderline logistic toxicity (misspecified),"Borderline logistic toxicity (misspecified) (k*=4, MTD=5)",300,SEEDA Plateau (fixed),Allocated,1,False,20.09166666666666,1.0092939043259994,18.100608333333348,21.982416666666627
Borderline logistic toxicity (misspecified),"Borderline logistic toxicity (misspecified) (k*=4, MTD=5)",300,SEEDA Plateau (fixed),Allocated,2,False,11.099000000000018,0.5452601506305469,9.959516666666673,12.104008333333352
Borderline logistic toxicity (misspecified),"Borderline logistic toxicity (misspecified) (k*=4, MTD=5)",300,SEEDA Plateau (fixed),Allocated,3,False,14.42400000000004,0.5734497179206889,13.349516666666677,15.588400000000044
Borderline logistic toxicity (misspecified),"Borderline logistic toxicity (misspecified) (k*=4, MTD=5)",300,SEEDA Plateau (fixed),Allocated,4,True,49.45533333333349,1.0969176141598067,47.42082500000006,51.691491666666764
Borderline logistic toxicity (misspecified),"Borderline logistic toxicity (misspecified) (k*=4, MTD=5)",300,SEEDA Plateau (fixed),Allocated,5,False,4.596666666666667,0.33906635457765094,3.9476500000000283,5.271366666666674
Borderline logistic toxicity (misspecified),"Borderline logistic toxicity (misspecified) (k*=4, MTD=5)",300,SEEDA Plateau (fixed),Allocated,6,False,0.3333333333333318,7.220060593319288e-16,0.3333333333333318,0.3333333333333318
